schema_name,relation_name,grantor,grantee,privilege_type,is_grantable
auth,audit_log_entries,supabase_auth_admin,dashboard_user,DELETE,f
auth,audit_log_entries,supabase_auth_admin,dashboard_user,INSERT,f
auth,audit_log_entries,supabase_auth_admin,dashboard_user,MAINTAIN,f
auth,audit_log_entries,supabase_auth_admin,dashboard_user,REFERENCES,f
auth,audit_log_entries,supabase_auth_admin,dashboard_user,SELECT,f
auth,audit_log_entries,supabase_auth_admin,dashboard_user,TRIGGER,f
auth,audit_log_entries,supabase_auth_admin,dashboard_user,TRUNCATE,f
auth,audit_log_entries,supabase_auth_admin,dashboard_user,UPDATE,f
auth,audit_log_entries,supabase_auth_admin,postgres,DELETE,f
auth,audit_log_entries,supabase_auth_admin,postgres,INSERT,f
auth,audit_log_entries,supabase_auth_admin,postgres,MAINTAIN,f
auth,audit_log_entries,supabase_auth_admin,postgres,REFERENCES,f
auth,audit_log_entries,supabase_auth_admin,postgres,SELECT,t
auth,audit_log_entries,supabase_auth_admin,postgres,TRIGGER,f
auth,audit_log_entries,supabase_auth_admin,postgres,TRUNCATE,f
auth,audit_log_entries,supabase_auth_admin,postgres,UPDATE,f
auth,audit_log_entries,supabase_auth_admin,supabase_auth_admin,DELETE,f
auth,audit_log_entries,supabase_auth_admin,supabase_auth_admin,INSERT,f
auth,audit_log_entries,supabase_auth_admin,supabase_auth_admin,MAINTAIN,f
auth,audit_log_entries,supabase_auth_admin,supabase_auth_admin,REFERENCES,f
auth,audit_log_entries,supabase_auth_admin,supabase_auth_admin,SELECT,f
auth,audit_log_entries,supabase_auth_admin,supabase_auth_admin,TRIGGER,f
auth,audit_log_entries,supabase_auth_admin,supabase_auth_admin,TRUNCATE,f
auth,audit_log_entries,supabase_auth_admin,supabase_auth_admin,UPDATE,f
auth,audit_log_entries,supabase_auth_admin,synaura_app,DELETE,f
auth,audit_log_entries,supabase_auth_admin,synaura_app,INSERT,f
auth,audit_log_entries,supabase_auth_admin,synaura_app,SELECT,f
auth,audit_log_entries,supabase_auth_admin,synaura_app,UPDATE,f
auth,custom_oauth_providers,supabase_auth_admin,dashboard_user,DELETE,f
auth,custom_oauth_providers,supabase_auth_admin,dashboard_user,INSERT,f
auth,custom_oauth_providers,supabase_auth_admin,dashboard_user,MAINTAIN,f
auth,custom_oauth_providers,supabase_auth_admin,dashboard_user,REFERENCES,f
auth,custom_oauth_providers,supabase_auth_admin,dashboard_user,SELECT,f
auth,custom_oauth_providers,supabase_auth_admin,dashboard_user,TRIGGER,f
auth,custom_oauth_providers,supabase_auth_admin,dashboard_user,TRUNCATE,f
auth,custom_oauth_providers,supabase_auth_admin,dashboard_user,UPDATE,f
auth,custom_oauth_providers,supabase_auth_admin,postgres,DELETE,f
auth,custom_oauth_providers,supabase_auth_admin,postgres,INSERT,f
auth,custom_oauth_providers,supabase_auth_admin,postgres,MAINTAIN,f
auth,custom_oauth_providers,supabase_auth_admin,postgres,REFERENCES,f
auth,custom_oauth_providers,supabase_auth_admin,postgres,SELECT,f
auth,custom_oauth_providers,supabase_auth_admin,postgres,TRIGGER,f
auth,custom_oauth_providers,supabase_auth_admin,postgres,TRUNCATE,f
auth,custom_oauth_providers,supabase_auth_admin,postgres,UPDATE,f
auth,custom_oauth_providers,supabase_auth_admin,supabase_auth_admin,DELETE,f
auth,custom_oauth_providers,supabase_auth_admin,supabase_auth_admin,INSERT,f
auth,custom_oauth_providers,supabase_auth_admin,supabase_auth_admin,MAINTAIN,f
auth,custom_oauth_providers,supabase_auth_admin,supabase_auth_admin,REFERENCES,f
auth,custom_oauth_providers,supabase_auth_admin,supabase_auth_admin,SELECT,f
auth,custom_oauth_providers,supabase_auth_admin,supabase_auth_admin,TRIGGER,f
auth,custom_oauth_providers,supabase_auth_admin,supabase_auth_admin,TRUNCATE,f
auth,custom_oauth_providers,supabase_auth_admin,supabase_auth_admin,UPDATE,f
auth,custom_oauth_providers,supabase_auth_admin,synaura_app,DELETE,f
auth,custom_oauth_providers,supabase_auth_admin,synaura_app,INSERT,f
auth,custom_oauth_providers,supabase_auth_admin,synaura_app,SELECT,f
auth,custom_oauth_providers,supabase_auth_admin,synaura_app,UPDATE,f
auth,flow_state,supabase_auth_admin,dashboard_user,DELETE,f
auth,flow_state,supabase_auth_admin,dashboard_user,INSERT,f
auth,flow_state,supabase_auth_admin,dashboard_user,MAINTAIN,f
auth,flow_state,supabase_auth_admin,dashboard_user,REFERENCES,f
auth,flow_state,supabase_auth_admin,dashboard_user,SELECT,f
auth,flow_state,supabase_auth_admin,dashboard_user,TRIGGER,f
auth,flow_state,supabase_auth_admin,dashboard_user,TRUNCATE,f
auth,flow_state,supabase_auth_admin,dashboard_user,UPDATE,f
auth,flow_state,supabase_auth_admin,postgres,DELETE,f
auth,flow_state,supabase_auth_admin,postgres,INSERT,f
auth,flow_state,supabase_auth_admin,postgres,MAINTAIN,f
auth,flow_state,supabase_auth_admin,postgres,REFERENCES,f
auth,flow_state,supabase_auth_admin,postgres,SELECT,t
auth,flow_state,supabase_auth_admin,postgres,TRIGGER,f
auth,flow_state,supabase_auth_admin,postgres,TRUNCATE,f
auth,flow_state,supabase_auth_admin,postgres,UPDATE,f
auth,flow_state,supabase_auth_admin,supabase_auth_admin,DELETE,f
auth,flow_state,supabase_auth_admin,supabase_auth_admin,INSERT,f
auth,flow_state,supabase_auth_admin,supabase_auth_admin,MAINTAIN,f
auth,flow_state,supabase_auth_admin,supabase_auth_admin,REFERENCES,f
auth,flow_state,supabase_auth_admin,supabase_auth_admin,SELECT,f
auth,flow_state,supabase_auth_admin,supabase_auth_admin,TRIGGER,f
auth,flow_state,supabase_auth_admin,supabase_auth_admin,TRUNCATE,f
auth,flow_state,supabase_auth_admin,supabase_auth_admin,UPDATE,f
auth,flow_state,supabase_auth_admin,synaura_app,DELETE,f
auth,flow_state,supabase_auth_admin,synaura_app,INSERT,f
auth,flow_state,supabase_auth_admin,synaura_app,SELECT,f
auth,flow_state,supabase_auth_admin,synaura_app,UPDATE,f
auth,identities,supabase_auth_admin,dashboard_user,DELETE,f
auth,identities,supabase_auth_admin,dashboard_user,INSERT,f
auth,identities,supabase_auth_admin,dashboard_user,MAINTAIN,f
auth,identities,supabase_auth_admin,dashboard_user,REFERENCES,f
auth,identities,supabase_auth_admin,dashboard_user,SELECT,f
auth,identities,supabase_auth_admin,dashboard_user,TRIGGER,f
auth,identities,supabase_auth_admin,dashboard_user,TRUNCATE,f
auth,identities,supabase_auth_admin,dashboard_user,UPDATE,f
auth,identities,supabase_auth_admin,postgres,DELETE,f
auth,identities,supabase_auth_admin,postgres,INSERT,f
auth,identities,supabase_auth_admin,postgres,MAINTAIN,f
auth,identities,supabase_auth_admin,postgres,REFERENCES,f
auth,identities,supabase_auth_admin,postgres,SELECT,t
auth,identities,supabase_auth_admin,postgres,TRIGGER,f
auth,identities,supabase_auth_admin,postgres,TRUNCATE,f
auth,identities,supabase_auth_admin,postgres,UPDATE,f
auth,identities,supabase_auth_admin,supabase_auth_admin,DELETE,f
auth,identities,supabase_auth_admin,supabase_auth_admin,INSERT,f
auth,identities,supabase_auth_admin,supabase_auth_admin,MAINTAIN,f
auth,identities,supabase_auth_admin,supabase_auth_admin,REFERENCES,f
auth,identities,supabase_auth_admin,supabase_auth_admin,SELECT,f
auth,identities,supabase_auth_admin,supabase_auth_admin,TRIGGER,f
auth,identities,supabase_auth_admin,supabase_auth_admin,TRUNCATE,f
auth,identities,supabase_auth_admin,supabase_auth_admin,UPDATE,f
auth,identities,supabase_auth_admin,synaura_app,DELETE,f
auth,identities,supabase_auth_admin,synaura_app,INSERT,f
auth,identities,supabase_auth_admin,synaura_app,SELECT,f
auth,identities,supabase_auth_admin,synaura_app,UPDATE,f
auth,instances,supabase_auth_admin,dashboard_user,DELETE,f
auth,instances,supabase_auth_admin,dashboard_user,INSERT,f
auth,instances,supabase_auth_admin,dashboard_user,MAINTAIN,f
auth,instances,supabase_auth_admin,dashboard_user,REFERENCES,f
auth,instances,supabase_auth_admin,dashboard_user,SELECT,f
auth,instances,supabase_auth_admin,dashboard_user,TRIGGER,f
auth,instances,supabase_auth_admin,dashboard_user,TRUNCATE,f
auth,instances,supabase_auth_admin,dashboard_user,UPDATE,f
auth,instances,supabase_auth_admin,postgres,DELETE,f
auth,instances,supabase_auth_admin,postgres,INSERT,f
auth,instances,supabase_auth_admin,postgres,MAINTAIN,f
auth,instances,supabase_auth_admin,postgres,REFERENCES,f
auth,instances,supabase_auth_admin,postgres,SELECT,t
auth,instances,supabase_auth_admin,postgres,TRIGGER,f
auth,instances,supabase_auth_admin,postgres,TRUNCATE,f
auth,instances,supabase_auth_admin,postgres,UPDATE,f
auth,instances,supabase_auth_admin,supabase_auth_admin,DELETE,f
auth,instances,supabase_auth_admin,supabase_auth_admin,INSERT,f
auth,instances,supabase_auth_admin,supabase_auth_admin,MAINTAIN,f
auth,instances,supabase_auth_admin,supabase_auth_admin,REFERENCES,f
auth,instances,supabase_auth_admin,supabase_auth_admin,SELECT,f
auth,instances,supabase_auth_admin,supabase_auth_admin,TRIGGER,f
auth,instances,supabase_auth_admin,supabase_auth_admin,TRUNCATE,f
auth,instances,supabase_auth_admin,supabase_auth_admin,UPDATE,f
auth,instances,supabase_auth_admin,synaura_app,DELETE,f
auth,instances,supabase_auth_admin,synaura_app,INSERT,f
auth,instances,supabase_auth_admin,synaura_app,SELECT,f
auth,instances,supabase_auth_admin,synaura_app,UPDATE,f
auth,mfa_amr_claims,supabase_auth_admin,dashboard_user,DELETE,f
auth,mfa_amr_claims,supabase_auth_admin,dashboard_user,INSERT,f
auth,mfa_amr_claims,supabase_auth_admin,dashboard_user,MAINTAIN,f
auth,mfa_amr_claims,supabase_auth_admin,dashboard_user,REFERENCES,f
auth,mfa_amr_claims,supabase_auth_admin,dashboard_user,SELECT,f
auth,mfa_amr_claims,supabase_auth_admin,dashboard_user,TRIGGER,f
auth,mfa_amr_claims,supabase_auth_admin,dashboard_user,TRUNCATE,f
auth,mfa_amr_claims,supabase_auth_admin,dashboard_user,UPDATE,f
auth,mfa_amr_claims,supabase_auth_admin,postgres,DELETE,f
auth,mfa_amr_claims,supabase_auth_admin,postgres,INSERT,f
auth,mfa_amr_claims,supabase_auth_admin,postgres,MAINTAIN,f
auth,mfa_amr_claims,supabase_auth_admin,postgres,REFERENCES,f
auth,mfa_amr_claims,supabase_auth_admin,postgres,SELECT,t
auth,mfa_amr_claims,supabase_auth_admin,postgres,TRIGGER,f
auth,mfa_amr_claims,supabase_auth_admin,postgres,TRUNCATE,f
auth,mfa_amr_claims,supabase_auth_admin,postgres,UPDATE,f
auth,mfa_amr_claims,supabase_auth_admin,supabase_auth_admin,DELETE,f
auth,mfa_amr_claims,supabase_auth_admin,supabase_auth_admin,INSERT,f
auth,mfa_amr_claims,supabase_auth_admin,supabase_auth_admin,MAINTAIN,f
auth,mfa_amr_claims,supabase_auth_admin,supabase_auth_admin,REFERENCES,f
auth,mfa_amr_claims,supabase_auth_admin,supabase_auth_admin,SELECT,f
auth,mfa_amr_claims,supabase_auth_admin,supabase_auth_admin,TRIGGER,f
auth,mfa_amr_claims,supabase_auth_admin,supabase_auth_admin,TRUNCATE,f
auth,mfa_amr_claims,supabase_auth_admin,supabase_auth_admin,UPDATE,f
auth,mfa_amr_claims,supabase_auth_admin,synaura_app,DELETE,f
auth,mfa_amr_claims,supabase_auth_admin,synaura_app,INSERT,f
auth,mfa_amr_claims,supabase_auth_admin,synaura_app,SELECT,f
auth,mfa_amr_claims,supabase_auth_admin,synaura_app,UPDATE,f
auth,mfa_challenges,supabase_auth_admin,dashboard_user,DELETE,f
auth,mfa_challenges,supabase_auth_admin,dashboard_user,INSERT,f
auth,mfa_challenges,supabase_auth_admin,dashboard_user,MAINTAIN,f
auth,mfa_challenges,supabase_auth_admin,dashboard_user,REFERENCES,f
auth,mfa_challenges,supabase_auth_admin,dashboard_user,SELECT,f
auth,mfa_challenges,supabase_auth_admin,dashboard_user,TRIGGER,f
auth,mfa_challenges,supabase_auth_admin,dashboard_user,TRUNCATE,f
auth,mfa_challenges,supabase_auth_admin,dashboard_user,UPDATE,f
auth,mfa_challenges,supabase_auth_admin,postgres,DELETE,f
auth,mfa_challenges,supabase_auth_admin,postgres,INSERT,f
auth,mfa_challenges,supabase_auth_admin,postgres,MAINTAIN,f
auth,mfa_challenges,supabase_auth_admin,postgres,REFERENCES,f
auth,mfa_challenges,supabase_auth_admin,postgres,SELECT,t
auth,mfa_challenges,supabase_auth_admin,postgres,TRIGGER,f
auth,mfa_challenges,supabase_auth_admin,postgres,TRUNCATE,f
auth,mfa_challenges,supabase_auth_admin,postgres,UPDATE,f
auth,mfa_challenges,supabase_auth_admin,supabase_auth_admin,DELETE,f
auth,mfa_challenges,supabase_auth_admin,supabase_auth_admin,INSERT,f
auth,mfa_challenges,supabase_auth_admin,supabase_auth_admin,MAINTAIN,f
auth,mfa_challenges,supabase_auth_admin,supabase_auth_admin,REFERENCES,f
auth,mfa_challenges,supabase_auth_admin,supabase_auth_admin,SELECT,f
auth,mfa_challenges,supabase_auth_admin,supabase_auth_admin,TRIGGER,f
auth,mfa_challenges,supabase_auth_admin,supabase_auth_admin,TRUNCATE,f
auth,mfa_challenges,supabase_auth_admin,supabase_auth_admin,UPDATE,f
auth,mfa_challenges,supabase_auth_admin,synaura_app,DELETE,f
auth,mfa_challenges,supabase_auth_admin,synaura_app,INSERT,f
auth,mfa_challenges,supabase_auth_admin,synaura_app,SELECT,f
auth,mfa_challenges,supabase_auth_admin,synaura_app,UPDATE,f
auth,mfa_factors,supabase_auth_admin,dashboard_user,DELETE,f
auth,mfa_factors,supabase_auth_admin,dashboard_user,INSERT,f
auth,mfa_factors,supabase_auth_admin,dashboard_user,MAINTAIN,f
auth,mfa_factors,supabase_auth_admin,dashboard_user,REFERENCES,f
auth,mfa_factors,supabase_auth_admin,dashboard_user,SELECT,f
auth,mfa_factors,supabase_auth_admin,dashboard_user,TRIGGER,f
auth,mfa_factors,supabase_auth_admin,dashboard_user,TRUNCATE,f
auth,mfa_factors,supabase_auth_admin,dashboard_user,UPDATE,f
auth,mfa_factors,supabase_auth_admin,postgres,DELETE,f
auth,mfa_factors,supabase_auth_admin,postgres,INSERT,f
auth,mfa_factors,supabase_auth_admin,postgres,MAINTAIN,f
auth,mfa_factors,supabase_auth_admin,postgres,REFERENCES,f
auth,mfa_factors,supabase_auth_admin,postgres,SELECT,t
auth,mfa_factors,supabase_auth_admin,postgres,TRIGGER,f
auth,mfa_factors,supabase_auth_admin,postgres,TRUNCATE,f
auth,mfa_factors,supabase_auth_admin,postgres,UPDATE,f
auth,mfa_factors,supabase_auth_admin,supabase_auth_admin,DELETE,f
auth,mfa_factors,supabase_auth_admin,supabase_auth_admin,INSERT,f
auth,mfa_factors,supabase_auth_admin,supabase_auth_admin,MAINTAIN,f
auth,mfa_factors,supabase_auth_admin,supabase_auth_admin,REFERENCES,f
auth,mfa_factors,supabase_auth_admin,supabase_auth_admin,SELECT,f
auth,mfa_factors,supabase_auth_admin,supabase_auth_admin,TRIGGER,f
auth,mfa_factors,supabase_auth_admin,supabase_auth_admin,TRUNCATE,f
auth,mfa_factors,supabase_auth_admin,supabase_auth_admin,UPDATE,f
auth,mfa_factors,supabase_auth_admin,synaura_app,DELETE,f
auth,mfa_factors,supabase_auth_admin,synaura_app,INSERT,f
auth,mfa_factors,supabase_auth_admin,synaura_app,SELECT,f
auth,mfa_factors,supabase_auth_admin,synaura_app,UPDATE,f
auth,oauth_authorizations,supabase_auth_admin,dashboard_user,DELETE,f
auth,oauth_authorizations,supabase_auth_admin,dashboard_user,INSERT,f
auth,oauth_authorizations,supabase_auth_admin,dashboard_user,MAINTAIN,f
auth,oauth_authorizations,supabase_auth_admin,dashboard_user,REFERENCES,f
auth,oauth_authorizations,supabase_auth_admin,dashboard_user,SELECT,f
auth,oauth_authorizations,supabase_auth_admin,dashboard_user,TRIGGER,f
auth,oauth_authorizations,supabase_auth_admin,dashboard_user,TRUNCATE,f
auth,oauth_authorizations,supabase_auth_admin,dashboard_user,UPDATE,f
auth,oauth_authorizations,supabase_auth_admin,postgres,DELETE,f
auth,oauth_authorizations,supabase_auth_admin,postgres,INSERT,f
auth,oauth_authorizations,supabase_auth_admin,postgres,MAINTAIN,f
auth,oauth_authorizations,supabase_auth_admin,postgres,REFERENCES,f
auth,oauth_authorizations,supabase_auth_admin,postgres,SELECT,f
auth,oauth_authorizations,supabase_auth_admin,postgres,TRIGGER,f
auth,oauth_authorizations,supabase_auth_admin,postgres,TRUNCATE,f
auth,oauth_authorizations,supabase_auth_admin,postgres,UPDATE,f
auth,oauth_authorizations,supabase_auth_admin,supabase_auth_admin,DELETE,f
auth,oauth_authorizations,supabase_auth_admin,supabase_auth_admin,INSERT,f
auth,oauth_authorizations,supabase_auth_admin,supabase_auth_admin,MAINTAIN,f
auth,oauth_authorizations,supabase_auth_admin,supabase_auth_admin,REFERENCES,f
auth,oauth_authorizations,supabase_auth_admin,supabase_auth_admin,SELECT,f
auth,oauth_authorizations,supabase_auth_admin,supabase_auth_admin,TRIGGER,f
auth,oauth_authorizations,supabase_auth_admin,supabase_auth_admin,TRUNCATE,f
auth,oauth_authorizations,supabase_auth_admin,supabase_auth_admin,UPDATE,f
auth,oauth_authorizations,supabase_auth_admin,synaura_app,DELETE,f
auth,oauth_authorizations,supabase_auth_admin,synaura_app,INSERT,f
auth,oauth_authorizations,supabase_auth_admin,synaura_app,SELECT,f
auth,oauth_authorizations,supabase_auth_admin,synaura_app,UPDATE,f
auth,oauth_client_states,supabase_auth_admin,dashboard_user,DELETE,f
auth,oauth_client_states,supabase_auth_admin,dashboard_user,INSERT,f
auth,oauth_client_states,supabase_auth_admin,dashboard_user,MAINTAIN,f
auth,oauth_client_states,supabase_auth_admin,dashboard_user,REFERENCES,f
auth,oauth_client_states,supabase_auth_admin,dashboard_user,SELECT,f
auth,oauth_client_states,supabase_auth_admin,dashboard_user,TRIGGER,f
auth,oauth_client_states,supabase_auth_admin,dashboard_user,TRUNCATE,f
auth,oauth_client_states,supabase_auth_admin,dashboard_user,UPDATE,f
auth,oauth_client_states,supabase_auth_admin,postgres,DELETE,f
auth,oauth_client_states,supabase_auth_admin,postgres,INSERT,f
auth,oauth_client_states,supabase_auth_admin,postgres,MAINTAIN,f
auth,oauth_client_states,supabase_auth_admin,postgres,REFERENCES,f
auth,oauth_client_states,supabase_auth_admin,postgres,SELECT,f
auth,oauth_client_states,supabase_auth_admin,postgres,TRIGGER,f
auth,oauth_client_states,supabase_auth_admin,postgres,TRUNCATE,f
auth,oauth_client_states,supabase_auth_admin,postgres,UPDATE,f
auth,oauth_client_states,supabase_auth_admin,supabase_auth_admin,DELETE,f
auth,oauth_client_states,supabase_auth_admin,supabase_auth_admin,INSERT,f
auth,oauth_client_states,supabase_auth_admin,supabase_auth_admin,MAINTAIN,f
auth,oauth_client_states,supabase_auth_admin,supabase_auth_admin,REFERENCES,f
auth,oauth_client_states,supabase_auth_admin,supabase_auth_admin,SELECT,f
auth,oauth_client_states,supabase_auth_admin,supabase_auth_admin,TRIGGER,f
auth,oauth_client_states,supabase_auth_admin,supabase_auth_admin,TRUNCATE,f
auth,oauth_client_states,supabase_auth_admin,supabase_auth_admin,UPDATE,f
auth,oauth_client_states,supabase_auth_admin,synaura_app,DELETE,f
auth,oauth_client_states,supabase_auth_admin,synaura_app,INSERT,f
auth,oauth_client_states,supabase_auth_admin,synaura_app,SELECT,f
auth,oauth_client_states,supabase_auth_admin,synaura_app,UPDATE,f
auth,oauth_clients,supabase_auth_admin,dashboard_user,DELETE,f
auth,oauth_clients,supabase_auth_admin,dashboard_user,INSERT,f
auth,oauth_clients,supabase_auth_admin,dashboard_user,MAINTAIN,f
auth,oauth_clients,supabase_auth_admin,dashboard_user,REFERENCES,f
auth,oauth_clients,supabase_auth_admin,dashboard_user,SELECT,f
auth,oauth_clients,supabase_auth_admin,dashboard_user,TRIGGER,f
auth,oauth_clients,supabase_auth_admin,dashboard_user,TRUNCATE,f
auth,oauth_clients,supabase_auth_admin,dashboard_user,UPDATE,f
auth,oauth_clients,supabase_auth_admin,postgres,DELETE,f
auth,oauth_clients,supabase_auth_admin,postgres,INSERT,f
auth,oauth_clients,supabase_auth_admin,postgres,MAINTAIN,f
auth,oauth_clients,supabase_auth_admin,postgres,REFERENCES,f
auth,oauth_clients,supabase_auth_admin,postgres,SELECT,f
auth,oauth_clients,supabase_auth_admin,postgres,TRIGGER,f
auth,oauth_clients,supabase_auth_admin,postgres,TRUNCATE,f
auth,oauth_clients,supabase_auth_admin,postgres,UPDATE,f
auth,oauth_clients,supabase_auth_admin,supabase_auth_admin,DELETE,f
auth,oauth_clients,supabase_auth_admin,supabase_auth_admin,INSERT,f
auth,oauth_clients,supabase_auth_admin,supabase_auth_admin,MAINTAIN,f
auth,oauth_clients,supabase_auth_admin,supabase_auth_admin,REFERENCES,f
auth,oauth_clients,supabase_auth_admin,supabase_auth_admin,SELECT,f
auth,oauth_clients,supabase_auth_admin,supabase_auth_admin,TRIGGER,f
auth,oauth_clients,supabase_auth_admin,supabase_auth_admin,TRUNCATE,f
auth,oauth_clients,supabase_auth_admin,supabase_auth_admin,UPDATE,f
auth,oauth_clients,supabase_auth_admin,synaura_app,DELETE,f
auth,oauth_clients,supabase_auth_admin,synaura_app,INSERT,f
auth,oauth_clients,supabase_auth_admin,synaura_app,SELECT,f
auth,oauth_clients,supabase_auth_admin,synaura_app,UPDATE,f
auth,oauth_consents,supabase_auth_admin,dashboard_user,DELETE,f
auth,oauth_consents,supabase_auth_admin,dashboard_user,INSERT,f
auth,oauth_consents,supabase_auth_admin,dashboard_user,MAINTAIN,f
auth,oauth_consents,supabase_auth_admin,dashboard_user,REFERENCES,f
auth,oauth_consents,supabase_auth_admin,dashboard_user,SELECT,f
auth,oauth_consents,supabase_auth_admin,dashboard_user,TRIGGER,f
auth,oauth_consents,supabase_auth_admin,dashboard_user,TRUNCATE,f
auth,oauth_consents,supabase_auth_admin,dashboard_user,UPDATE,f
auth,oauth_consents,supabase_auth_admin,postgres,DELETE,f
auth,oauth_consents,supabase_auth_admin,postgres,INSERT,f
auth,oauth_consents,supabase_auth_admin,postgres,MAINTAIN,f
auth,oauth_consents,supabase_auth_admin,postgres,REFERENCES,f
auth,oauth_consents,supabase_auth_admin,postgres,SELECT,f
auth,oauth_consents,supabase_auth_admin,postgres,TRIGGER,f
auth,oauth_consents,supabase_auth_admin,postgres,TRUNCATE,f
auth,oauth_consents,supabase_auth_admin,postgres,UPDATE,f
auth,oauth_consents,supabase_auth_admin,supabase_auth_admin,DELETE,f
auth,oauth_consents,supabase_auth_admin,supabase_auth_admin,INSERT,f
auth,oauth_consents,supabase_auth_admin,supabase_auth_admin,MAINTAIN,f
auth,oauth_consents,supabase_auth_admin,supabase_auth_admin,REFERENCES,f
auth,oauth_consents,supabase_auth_admin,supabase_auth_admin,SELECT,f
auth,oauth_consents,supabase_auth_admin,supabase_auth_admin,TRIGGER,f
auth,oauth_consents,supabase_auth_admin,supabase_auth_admin,TRUNCATE,f
auth,oauth_consents,supabase_auth_admin,supabase_auth_admin,UPDATE,f
auth,oauth_consents,supabase_auth_admin,synaura_app,DELETE,f
auth,oauth_consents,supabase_auth_admin,synaura_app,INSERT,f
auth,oauth_consents,supabase_auth_admin,synaura_app,SELECT,f
auth,oauth_consents,supabase_auth_admin,synaura_app,UPDATE,f
auth,one_time_tokens,supabase_auth_admin,dashboard_user,DELETE,f
auth,one_time_tokens,supabase_auth_admin,dashboard_user,INSERT,f
auth,one_time_tokens,supabase_auth_admin,dashboard_user,MAINTAIN,f
auth,one_time_tokens,supabase_auth_admin,dashboard_user,REFERENCES,f
auth,one_time_tokens,supabase_auth_admin,dashboard_user,SELECT,f
auth,one_time_tokens,supabase_auth_admin,dashboard_user,TRIGGER,f
auth,one_time_tokens,supabase_auth_admin,dashboard_user,TRUNCATE,f
auth,one_time_tokens,supabase_auth_admin,dashboard_user,UPDATE,f
auth,one_time_tokens,supabase_auth_admin,postgres,DELETE,f
auth,one_time_tokens,supabase_auth_admin,postgres,INSERT,f
auth,one_time_tokens,supabase_auth_admin,postgres,MAINTAIN,f
auth,one_time_tokens,supabase_auth_admin,postgres,REFERENCES,f
auth,one_time_tokens,supabase_auth_admin,postgres,SELECT,t
auth,one_time_tokens,supabase_auth_admin,postgres,TRIGGER,f
auth,one_time_tokens,supabase_auth_admin,postgres,TRUNCATE,f
auth,one_time_tokens,supabase_auth_admin,postgres,UPDATE,f
auth,one_time_tokens,supabase_auth_admin,supabase_auth_admin,DELETE,f
auth,one_time_tokens,supabase_auth_admin,supabase_auth_admin,INSERT,f
auth,one_time_tokens,supabase_auth_admin,supabase_auth_admin,MAINTAIN,f
auth,one_time_tokens,supabase_auth_admin,supabase_auth_admin,REFERENCES,f
auth,one_time_tokens,supabase_auth_admin,supabase_auth_admin,SELECT,f
auth,one_time_tokens,supabase_auth_admin,supabase_auth_admin,TRIGGER,f
auth,one_time_tokens,supabase_auth_admin,supabase_auth_admin,TRUNCATE,f
auth,one_time_tokens,supabase_auth_admin,supabase_auth_admin,UPDATE,f
auth,one_time_tokens,supabase_auth_admin,synaura_app,DELETE,f
auth,one_time_tokens,supabase_auth_admin,synaura_app,INSERT,f
auth,one_time_tokens,supabase_auth_admin,synaura_app,SELECT,f
auth,one_time_tokens,supabase_auth_admin,synaura_app,UPDATE,f
auth,refresh_tokens,supabase_auth_admin,dashboard_user,DELETE,f
auth,refresh_tokens,supabase_auth_admin,dashboard_user,INSERT,f
auth,refresh_tokens,supabase_auth_admin,dashboard_user,MAINTAIN,f
auth,refresh_tokens,supabase_auth_admin,dashboard_user,REFERENCES,f
auth,refresh_tokens,supabase_auth_admin,dashboard_user,SELECT,f
auth,refresh_tokens,supabase_auth_admin,dashboard_user,TRIGGER,f
auth,refresh_tokens,supabase_auth_admin,dashboard_user,TRUNCATE,f
auth,refresh_tokens,supabase_auth_admin,dashboard_user,UPDATE,f
auth,refresh_tokens,supabase_auth_admin,postgres,DELETE,f
auth,refresh_tokens,supabase_auth_admin,postgres,INSERT,f
auth,refresh_tokens,supabase_auth_admin,postgres,MAINTAIN,f
auth,refresh_tokens,supabase_auth_admin,postgres,REFERENCES,f
auth,refresh_tokens,supabase_auth_admin,postgres,SELECT,t
auth,refresh_tokens,supabase_auth_admin,postgres,TRIGGER,f
auth,refresh_tokens,supabase_auth_admin,postgres,TRUNCATE,f
auth,refresh_tokens,supabase_auth_admin,postgres,UPDATE,f
auth,refresh_tokens,supabase_auth_admin,supabase_auth_admin,DELETE,f
auth,refresh_tokens,supabase_auth_admin,supabase_auth_admin,INSERT,f
auth,refresh_tokens,supabase_auth_admin,supabase_auth_admin,MAINTAIN,f
auth,refresh_tokens,supabase_auth_admin,supabase_auth_admin,REFERENCES,f
auth,refresh_tokens,supabase_auth_admin,supabase_auth_admin,SELECT,f
auth,refresh_tokens,supabase_auth_admin,supabase_auth_admin,TRIGGER,f
auth,refresh_tokens,supabase_auth_admin,supabase_auth_admin,TRUNCATE,f
auth,refresh_tokens,supabase_auth_admin,supabase_auth_admin,UPDATE,f
auth,refresh_tokens,supabase_auth_admin,synaura_app,DELETE,f
auth,refresh_tokens,supabase_auth_admin,synaura_app,INSERT,f
auth,refresh_tokens,supabase_auth_admin,synaura_app,SELECT,f
auth,refresh_tokens,supabase_auth_admin,synaura_app,UPDATE,f
auth,refresh_tokens_id_seq,supabase_auth_admin,dashboard_user,SELECT,f
auth,refresh_tokens_id_seq,supabase_auth_admin,dashboard_user,UPDATE,f
auth,refresh_tokens_id_seq,supabase_auth_admin,dashboard_user,USAGE,f
auth,refresh_tokens_id_seq,supabase_auth_admin,postgres,SELECT,f
auth,refresh_tokens_id_seq,supabase_auth_admin,postgres,UPDATE,f
auth,refresh_tokens_id_seq,supabase_auth_admin,postgres,USAGE,f
auth,refresh_tokens_id_seq,supabase_auth_admin,supabase_auth_admin,SELECT,f
auth,refresh_tokens_id_seq,supabase_auth_admin,supabase_auth_admin,UPDATE,f
auth,refresh_tokens_id_seq,supabase_auth_admin,supabase_auth_admin,USAGE,f
auth,refresh_tokens_id_seq,supabase_auth_admin,synaura_app,SELECT,f
auth,refresh_tokens_id_seq,supabase_auth_admin,synaura_app,UPDATE,f
auth,refresh_tokens_id_seq,supabase_auth_admin,synaura_app,USAGE,f
auth,saml_providers,supabase_auth_admin,dashboard_user,DELETE,f
auth,saml_providers,supabase_auth_admin,dashboard_user,INSERT,f
auth,saml_providers,supabase_auth_admin,dashboard_user,MAINTAIN,f
auth,saml_providers,supabase_auth_admin,dashboard_user,REFERENCES,f
auth,saml_providers,supabase_auth_admin,dashboard_user,SELECT,f
auth,saml_providers,supabase_auth_admin,dashboard_user,TRIGGER,f
auth,saml_providers,supabase_auth_admin,dashboard_user,TRUNCATE,f
auth,saml_providers,supabase_auth_admin,dashboard_user,UPDATE,f
auth,saml_providers,supabase_auth_admin,postgres,DELETE,f
auth,saml_providers,supabase_auth_admin,postgres,INSERT,f
auth,saml_providers,supabase_auth_admin,postgres,MAINTAIN,f
auth,saml_providers,supabase_auth_admin,postgres,REFERENCES,f
auth,saml_providers,supabase_auth_admin,postgres,SELECT,t
auth,saml_providers,supabase_auth_admin,postgres,TRIGGER,f
auth,saml_providers,supabase_auth_admin,postgres,TRUNCATE,f
auth,saml_providers,supabase_auth_admin,postgres,UPDATE,f
auth,saml_providers,supabase_auth_admin,supabase_auth_admin,DELETE,f
auth,saml_providers,supabase_auth_admin,supabase_auth_admin,INSERT,f
auth,saml_providers,supabase_auth_admin,supabase_auth_admin,MAINTAIN,f
auth,saml_providers,supabase_auth_admin,supabase_auth_admin,REFERENCES,f
auth,saml_providers,supabase_auth_admin,supabase_auth_admin,SELECT,f
auth,saml_providers,supabase_auth_admin,supabase_auth_admin,TRIGGER,f
auth,saml_providers,supabase_auth_admin,supabase_auth_admin,TRUNCATE,f
auth,saml_providers,supabase_auth_admin,supabase_auth_admin,UPDATE,f
auth,saml_providers,supabase_auth_admin,synaura_app,DELETE,f
auth,saml_providers,supabase_auth_admin,synaura_app,INSERT,f
auth,saml_providers,supabase_auth_admin,synaura_app,SELECT,f
auth,saml_providers,supabase_auth_admin,synaura_app,UPDATE,f
auth,saml_relay_states,supabase_auth_admin,dashboard_user,DELETE,f
auth,saml_relay_states,supabase_auth_admin,dashboard_user,INSERT,f
auth,saml_relay_states,supabase_auth_admin,dashboard_user,MAINTAIN,f
auth,saml_relay_states,supabase_auth_admin,dashboard_user,REFERENCES,f
auth,saml_relay_states,supabase_auth_admin,dashboard_user,SELECT,f
auth,saml_relay_states,supabase_auth_admin,dashboard_user,TRIGGER,f
auth,saml_relay_states,supabase_auth_admin,dashboard_user,TRUNCATE,f
auth,saml_relay_states,supabase_auth_admin,dashboard_user,UPDATE,f
auth,saml_relay_states,supabase_auth_admin,postgres,DELETE,f
auth,saml_relay_states,supabase_auth_admin,postgres,INSERT,f
auth,saml_relay_states,supabase_auth_admin,postgres,MAINTAIN,f
auth,saml_relay_states,supabase_auth_admin,postgres,REFERENCES,f
auth,saml_relay_states,supabase_auth_admin,postgres,SELECT,t
auth,saml_relay_states,supabase_auth_admin,postgres,TRIGGER,f
auth,saml_relay_states,supabase_auth_admin,postgres,TRUNCATE,f
auth,saml_relay_states,supabase_auth_admin,postgres,UPDATE,f
auth,saml_relay_states,supabase_auth_admin,supabase_auth_admin,DELETE,f
auth,saml_relay_states,supabase_auth_admin,supabase_auth_admin,INSERT,f
auth,saml_relay_states,supabase_auth_admin,supabase_auth_admin,MAINTAIN,f
auth,saml_relay_states,supabase_auth_admin,supabase_auth_admin,REFERENCES,f
auth,saml_relay_states,supabase_auth_admin,supabase_auth_admin,SELECT,f
auth,saml_relay_states,supabase_auth_admin,supabase_auth_admin,TRIGGER,f
auth,saml_relay_states,supabase_auth_admin,supabase_auth_admin,TRUNCATE,f
auth,saml_relay_states,supabase_auth_admin,supabase_auth_admin,UPDATE,f
auth,saml_relay_states,supabase_auth_admin,synaura_app,DELETE,f
auth,saml_relay_states,supabase_auth_admin,synaura_app,INSERT,f
auth,saml_relay_states,supabase_auth_admin,synaura_app,SELECT,f
auth,saml_relay_states,supabase_auth_admin,synaura_app,UPDATE,f
auth,schema_migrations,supabase_auth_admin,supabase_auth_admin,DELETE,f
auth,schema_migrations,supabase_auth_admin,supabase_auth_admin,INSERT,f
auth,schema_migrations,supabase_auth_admin,supabase_auth_admin,MAINTAIN,f
auth,schema_migrations,supabase_auth_admin,supabase_auth_admin,REFERENCES,f
auth,schema_migrations,supabase_auth_admin,supabase_auth_admin,SELECT,f
auth,schema_migrations,supabase_auth_admin,supabase_auth_admin,TRIGGER,f
auth,schema_migrations,supabase_auth_admin,supabase_auth_admin,TRUNCATE,f
auth,schema_migrations,supabase_auth_admin,supabase_auth_admin,UPDATE,f
auth,schema_migrations,supabase_auth_admin,synaura_app,DELETE,f
auth,schema_migrations,supabase_auth_admin,synaura_app,INSERT,f
auth,schema_migrations,supabase_auth_admin,synaura_app,SELECT,f
auth,schema_migrations,supabase_auth_admin,synaura_app,UPDATE,f
auth,sessions,supabase_auth_admin,dashboard_user,DELETE,f
auth,sessions,supabase_auth_admin,dashboard_user,INSERT,f
auth,sessions,supabase_auth_admin,dashboard_user,MAINTAIN,f
auth,sessions,supabase_auth_admin,dashboard_user,REFERENCES,f
auth,sessions,supabase_auth_admin,dashboard_user,SELECT,f
auth,sessions,supabase_auth_admin,dashboard_user,TRIGGER,f
auth,sessions,supabase_auth_admin,dashboard_user,TRUNCATE,f
auth,sessions,supabase_auth_admin,dashboard_user,UPDATE,f
auth,sessions,supabase_auth_admin,postgres,DELETE,f
auth,sessions,supabase_auth_admin,postgres,INSERT,f
auth,sessions,supabase_auth_admin,postgres,MAINTAIN,f
auth,sessions,supabase_auth_admin,postgres,REFERENCES,f
auth,sessions,supabase_auth_admin,postgres,SELECT,t
auth,sessions,supabase_auth_admin,postgres,TRIGGER,f
auth,sessions,supabase_auth_admin,postgres,TRUNCATE,f
auth,sessions,supabase_auth_admin,postgres,UPDATE,f
auth,sessions,supabase_auth_admin,supabase_auth_admin,DELETE,f
auth,sessions,supabase_auth_admin,supabase_auth_admin,INSERT,f
auth,sessions,supabase_auth_admin,supabase_auth_admin,MAINTAIN,f
auth,sessions,supabase_auth_admin,supabase_auth_admin,REFERENCES,f
auth,sessions,supabase_auth_admin,supabase_auth_admin,SELECT,f
auth,sessions,supabase_auth_admin,supabase_auth_admin,TRIGGER,f
auth,sessions,supabase_auth_admin,supabase_auth_admin,TRUNCATE,f
auth,sessions,supabase_auth_admin,supabase_auth_admin,UPDATE,f
auth,sessions,supabase_auth_admin,synaura_app,DELETE,f
auth,sessions,supabase_auth_admin,synaura_app,INSERT,f
auth,sessions,supabase_auth_admin,synaura_app,SELECT,f
auth,sessions,supabase_auth_admin,synaura_app,UPDATE,f
auth,sso_domains,supabase_auth_admin,dashboard_user,DELETE,f
auth,sso_domains,supabase_auth_admin,dashboard_user,INSERT,f
auth,sso_domains,supabase_auth_admin,dashboard_user,MAINTAIN,f
auth,sso_domains,supabase_auth_admin,dashboard_user,REFERENCES,f
auth,sso_domains,supabase_auth_admin,dashboard_user,SELECT,f
auth,sso_domains,supabase_auth_admin,dashboard_user,TRIGGER,f
auth,sso_domains,supabase_auth_admin,dashboard_user,TRUNCATE,f
auth,sso_domains,supabase_auth_admin,dashboard_user,UPDATE,f
auth,sso_domains,supabase_auth_admin,postgres,DELETE,f
auth,sso_domains,supabase_auth_admin,postgres,INSERT,f
auth,sso_domains,supabase_auth_admin,postgres,MAINTAIN,f
auth,sso_domains,supabase_auth_admin,postgres,REFERENCES,f
auth,sso_domains,supabase_auth_admin,postgres,SELECT,t
auth,sso_domains,supabase_auth_admin,postgres,TRIGGER,f
auth,sso_domains,supabase_auth_admin,postgres,TRUNCATE,f
auth,sso_domains,supabase_auth_admin,postgres,UPDATE,f
auth,sso_domains,supabase_auth_admin,supabase_auth_admin,DELETE,f
auth,sso_domains,supabase_auth_admin,supabase_auth_admin,INSERT,f
auth,sso_domains,supabase_auth_admin,supabase_auth_admin,MAINTAIN,f
auth,sso_domains,supabase_auth_admin,supabase_auth_admin,REFERENCES,f
auth,sso_domains,supabase_auth_admin,supabase_auth_admin,SELECT,f
auth,sso_domains,supabase_auth_admin,supabase_auth_admin,TRIGGER,f
auth,sso_domains,supabase_auth_admin,supabase_auth_admin,TRUNCATE,f
auth,sso_domains,supabase_auth_admin,supabase_auth_admin,UPDATE,f
auth,sso_domains,supabase_auth_admin,synaura_app,DELETE,f
auth,sso_domains,supabase_auth_admin,synaura_app,INSERT,f
auth,sso_domains,supabase_auth_admin,synaura_app,SELECT,f
auth,sso_domains,supabase_auth_admin,synaura_app,UPDATE,f
auth,sso_providers,supabase_auth_admin,dashboard_user,DELETE,f
auth,sso_providers,supabase_auth_admin,dashboard_user,INSERT,f
auth,sso_providers,supabase_auth_admin,dashboard_user,MAINTAIN,f
auth,sso_providers,supabase_auth_admin,dashboard_user,REFERENCES,f
auth,sso_providers,supabase_auth_admin,dashboard_user,SELECT,f
auth,sso_providers,supabase_auth_admin,dashboard_user,TRIGGER,f
auth,sso_providers,supabase_auth_admin,dashboard_user,TRUNCATE,f
auth,sso_providers,supabase_auth_admin,dashboard_user,UPDATE,f
auth,sso_providers,supabase_auth_admin,postgres,DELETE,f
auth,sso_providers,supabase_auth_admin,postgres,INSERT,f
auth,sso_providers,supabase_auth_admin,postgres,MAINTAIN,f
auth,sso_providers,supabase_auth_admin,postgres,REFERENCES,f
auth,sso_providers,supabase_auth_admin,postgres,SELECT,t
auth,sso_providers,supabase_auth_admin,postgres,TRIGGER,f
auth,sso_providers,supabase_auth_admin,postgres,TRUNCATE,f
auth,sso_providers,supabase_auth_admin,postgres,UPDATE,f
auth,sso_providers,supabase_auth_admin,supabase_auth_admin,DELETE,f
auth,sso_providers,supabase_auth_admin,supabase_auth_admin,INSERT,f
auth,sso_providers,supabase_auth_admin,supabase_auth_admin,MAINTAIN,f
auth,sso_providers,supabase_auth_admin,supabase_auth_admin,REFERENCES,f
auth,sso_providers,supabase_auth_admin,supabase_auth_admin,SELECT,f
auth,sso_providers,supabase_auth_admin,supabase_auth_admin,TRIGGER,f
auth,sso_providers,supabase_auth_admin,supabase_auth_admin,TRUNCATE,f
auth,sso_providers,supabase_auth_admin,supabase_auth_admin,UPDATE,f
auth,sso_providers,supabase_auth_admin,synaura_app,DELETE,f
auth,sso_providers,supabase_auth_admin,synaura_app,INSERT,f
auth,sso_providers,supabase_auth_admin,synaura_app,SELECT,f
auth,sso_providers,supabase_auth_admin,synaura_app,UPDATE,f
auth,users,supabase_auth_admin,dashboard_user,DELETE,f
auth,users,supabase_auth_admin,dashboard_user,INSERT,f
auth,users,supabase_auth_admin,dashboard_user,MAINTAIN,f
auth,users,supabase_auth_admin,dashboard_user,REFERENCES,f
auth,users,supabase_auth_admin,dashboard_user,SELECT,f
auth,users,supabase_auth_admin,dashboard_user,TRIGGER,f
auth,users,supabase_auth_admin,dashboard_user,TRUNCATE,f
auth,users,supabase_auth_admin,dashboard_user,UPDATE,f
auth,users,supabase_auth_admin,postgres,DELETE,f
auth,users,supabase_auth_admin,postgres,INSERT,f
auth,users,supabase_auth_admin,postgres,MAINTAIN,f
auth,users,supabase_auth_admin,postgres,REFERENCES,f
auth,users,supabase_auth_admin,postgres,SELECT,t
auth,users,supabase_auth_admin,postgres,TRIGGER,f
auth,users,supabase_auth_admin,postgres,TRUNCATE,f
auth,users,supabase_auth_admin,postgres,UPDATE,f
auth,users,supabase_auth_admin,supabase_auth_admin,DELETE,f
auth,users,supabase_auth_admin,supabase_auth_admin,INSERT,f
auth,users,supabase_auth_admin,supabase_auth_admin,MAINTAIN,f
auth,users,supabase_auth_admin,supabase_auth_admin,REFERENCES,f
auth,users,supabase_auth_admin,supabase_auth_admin,SELECT,f
auth,users,supabase_auth_admin,supabase_auth_admin,TRIGGER,f
auth,users,supabase_auth_admin,supabase_auth_admin,TRUNCATE,f
auth,users,supabase_auth_admin,supabase_auth_admin,UPDATE,f
auth,users,supabase_auth_admin,synaura_app,DELETE,f
auth,users,supabase_auth_admin,synaura_app,INSERT,f
auth,users,supabase_auth_admin,synaura_app,SELECT,f
auth,users,supabase_auth_admin,synaura_app,UPDATE,f
auth,webauthn_challenges,supabase_auth_admin,dashboard_user,DELETE,f
auth,webauthn_challenges,supabase_auth_admin,dashboard_user,INSERT,f
auth,webauthn_challenges,supabase_auth_admin,dashboard_user,MAINTAIN,f
auth,webauthn_challenges,supabase_auth_admin,dashboard_user,REFERENCES,f
auth,webauthn_challenges,supabase_auth_admin,dashboard_user,SELECT,f
auth,webauthn_challenges,supabase_auth_admin,dashboard_user,TRIGGER,f
auth,webauthn_challenges,supabase_auth_admin,dashboard_user,TRUNCATE,f
auth,webauthn_challenges,supabase_auth_admin,dashboard_user,UPDATE,f
auth,webauthn_challenges,supabase_auth_admin,postgres,DELETE,f
auth,webauthn_challenges,supabase_auth_admin,postgres,INSERT,f
auth,webauthn_challenges,supabase_auth_admin,postgres,MAINTAIN,f
auth,webauthn_challenges,supabase_auth_admin,postgres,REFERENCES,f
auth,webauthn_challenges,supabase_auth_admin,postgres,SELECT,f
auth,webauthn_challenges,supabase_auth_admin,postgres,TRIGGER,f
auth,webauthn_challenges,supabase_auth_admin,postgres,TRUNCATE,f
auth,webauthn_challenges,supabase_auth_admin,postgres,UPDATE,f
auth,webauthn_challenges,supabase_auth_admin,supabase_auth_admin,DELETE,f
auth,webauthn_challenges,supabase_auth_admin,supabase_auth_admin,INSERT,f
auth,webauthn_challenges,supabase_auth_admin,supabase_auth_admin,MAINTAIN,f
auth,webauthn_challenges,supabase_auth_admin,supabase_auth_admin,REFERENCES,f
auth,webauthn_challenges,supabase_auth_admin,supabase_auth_admin,SELECT,f
auth,webauthn_challenges,supabase_auth_admin,supabase_auth_admin,TRIGGER,f
auth,webauthn_challenges,supabase_auth_admin,supabase_auth_admin,TRUNCATE,f
auth,webauthn_challenges,supabase_auth_admin,supabase_auth_admin,UPDATE,f
auth,webauthn_challenges,supabase_auth_admin,synaura_app,DELETE,f
auth,webauthn_challenges,supabase_auth_admin,synaura_app,INSERT,f
auth,webauthn_challenges,supabase_auth_admin,synaura_app,SELECT,f
auth,webauthn_challenges,supabase_auth_admin,synaura_app,UPDATE,f
auth,webauthn_credentials,supabase_auth_admin,dashboard_user,DELETE,f
auth,webauthn_credentials,supabase_auth_admin,dashboard_user,INSERT,f
auth,webauthn_credentials,supabase_auth_admin,dashboard_user,MAINTAIN,f
auth,webauthn_credentials,supabase_auth_admin,dashboard_user,REFERENCES,f
auth,webauthn_credentials,supabase_auth_admin,dashboard_user,SELECT,f
auth,webauthn_credentials,supabase_auth_admin,dashboard_user,TRIGGER,f
auth,webauthn_credentials,supabase_auth_admin,dashboard_user,TRUNCATE,f
auth,webauthn_credentials,supabase_auth_admin,dashboard_user,UPDATE,f
auth,webauthn_credentials,supabase_auth_admin,postgres,DELETE,f
auth,webauthn_credentials,supabase_auth_admin,postgres,INSERT,f
auth,webauthn_credentials,supabase_auth_admin,postgres,MAINTAIN,f
auth,webauthn_credentials,supabase_auth_admin,postgres,REFERENCES,f
auth,webauthn_credentials,supabase_auth_admin,postgres,SELECT,f
auth,webauthn_credentials,supabase_auth_admin,postgres,TRIGGER,f
auth,webauthn_credentials,supabase_auth_admin,postgres,TRUNCATE,f
auth,webauthn_credentials,supabase_auth_admin,postgres,UPDATE,f
auth,webauthn_credentials,supabase_auth_admin,supabase_auth_admin,DELETE,f
auth,webauthn_credentials,supabase_auth_admin,supabase_auth_admin,INSERT,f
auth,webauthn_credentials,supabase_auth_admin,supabase_auth_admin,MAINTAIN,f
auth,webauthn_credentials,supabase_auth_admin,supabase_auth_admin,REFERENCES,f
auth,webauthn_credentials,supabase_auth_admin,supabase_auth_admin,SELECT,f
auth,webauthn_credentials,supabase_auth_admin,supabase_auth_admin,TRIGGER,f
auth,webauthn_credentials,supabase_auth_admin,supabase_auth_admin,TRUNCATE,f
auth,webauthn_credentials,supabase_auth_admin,supabase_auth_admin,UPDATE,f
auth,webauthn_credentials,supabase_auth_admin,synaura_app,DELETE,f
auth,webauthn_credentials,supabase_auth_admin,synaura_app,INSERT,f
auth,webauthn_credentials,supabase_auth_admin,synaura_app,SELECT,f
auth,webauthn_credentials,supabase_auth_admin,synaura_app,UPDATE,f
extensions,pg_stat_statements,postgres,PUBLIC,SELECT,f
extensions,pg_stat_statements,postgres,dashboard_user,DELETE,f
extensions,pg_stat_statements,postgres,dashboard_user,INSERT,f
extensions,pg_stat_statements,postgres,dashboard_user,MAINTAIN,f
extensions,pg_stat_statements,postgres,dashboard_user,REFERENCES,f
extensions,pg_stat_statements,postgres,dashboard_user,SELECT,f
extensions,pg_stat_statements,postgres,dashboard_user,TRIGGER,f
extensions,pg_stat_statements,postgres,dashboard_user,TRUNCATE,f
extensions,pg_stat_statements,postgres,dashboard_user,UPDATE,f
extensions,pg_stat_statements,postgres,postgres,DELETE,t
extensions,pg_stat_statements,postgres,postgres,INSERT,t
extensions,pg_stat_statements,postgres,postgres,MAINTAIN,t
extensions,pg_stat_statements,postgres,postgres,REFERENCES,t
extensions,pg_stat_statements,postgres,postgres,SELECT,t
extensions,pg_stat_statements,postgres,postgres,TRIGGER,t
extensions,pg_stat_statements,postgres,postgres,TRUNCATE,t
extensions,pg_stat_statements,postgres,postgres,UPDATE,t
extensions,pg_stat_statements_info,postgres,PUBLIC,SELECT,f
extensions,pg_stat_statements_info,postgres,dashboard_user,DELETE,f
extensions,pg_stat_statements_info,postgres,dashboard_user,INSERT,f
extensions,pg_stat_statements_info,postgres,dashboard_user,MAINTAIN,f
extensions,pg_stat_statements_info,postgres,dashboard_user,REFERENCES,f
extensions,pg_stat_statements_info,postgres,dashboard_user,SELECT,f
extensions,pg_stat_statements_info,postgres,dashboard_user,TRIGGER,f
extensions,pg_stat_statements_info,postgres,dashboard_user,TRUNCATE,f
extensions,pg_stat_statements_info,postgres,dashboard_user,UPDATE,f
extensions,pg_stat_statements_info,postgres,postgres,DELETE,t
extensions,pg_stat_statements_info,postgres,postgres,INSERT,t
extensions,pg_stat_statements_info,postgres,postgres,MAINTAIN,t
extensions,pg_stat_statements_info,postgres,postgres,REFERENCES,t
extensions,pg_stat_statements_info,postgres,postgres,SELECT,t
extensions,pg_stat_statements_info,postgres,postgres,TRIGGER,t
extensions,pg_stat_statements_info,postgres,postgres,TRUNCATE,t
extensions,pg_stat_statements_info,postgres,postgres,UPDATE,t
public,account_private,postgres,authenticated,DELETE,f
public,account_private,postgres,authenticated,INSERT,f
public,account_private,postgres,authenticated,MAINTAIN,f
public,account_private,postgres,authenticated,REFERENCES,f
public,account_private,postgres,authenticated,SELECT,f
public,account_private,postgres,authenticated,TRIGGER,f
public,account_private,postgres,authenticated,TRUNCATE,f
public,account_private,postgres,authenticated,UPDATE,f
public,account_private,postgres,postgres,DELETE,f
public,account_private,postgres,postgres,INSERT,f
public,account_private,postgres,postgres,MAINTAIN,f
public,account_private,postgres,postgres,REFERENCES,f
public,account_private,postgres,postgres,SELECT,f
public,account_private,postgres,postgres,TRIGGER,f
public,account_private,postgres,postgres,TRUNCATE,f
public,account_private,postgres,postgres,UPDATE,f
public,account_private,postgres,service_role,DELETE,f
public,account_private,postgres,service_role,INSERT,f
public,account_private,postgres,service_role,MAINTAIN,f
public,account_private,postgres,service_role,REFERENCES,f
public,account_private,postgres,service_role,SELECT,f
public,account_private,postgres,service_role,TRIGGER,f
public,account_private,postgres,service_role,TRUNCATE,f
public,account_private,postgres,service_role,UPDATE,f
public,account_private,postgres,synaura_app,DELETE,f
public,account_private,postgres,synaura_app,INSERT,f
public,account_private,postgres,synaura_app,SELECT,f
public,account_private,postgres,synaura_app,UPDATE,f
public,active_artist_boosts,postgres,anon,DELETE,f
public,active_artist_boosts,postgres,anon,INSERT,f
public,active_artist_boosts,postgres,anon,MAINTAIN,f
public,active_artist_boosts,postgres,anon,REFERENCES,f
public,active_artist_boosts,postgres,anon,SELECT,f
public,active_artist_boosts,postgres,anon,TRIGGER,f
public,active_artist_boosts,postgres,anon,TRUNCATE,f
public,active_artist_boosts,postgres,anon,UPDATE,f
public,active_artist_boosts,postgres,authenticated,DELETE,f
public,active_artist_boosts,postgres,authenticated,INSERT,f
public,active_artist_boosts,postgres,authenticated,MAINTAIN,f
public,active_artist_boosts,postgres,authenticated,REFERENCES,f
public,active_artist_boosts,postgres,authenticated,SELECT,f
public,active_artist_boosts,postgres,authenticated,TRIGGER,f
public,active_artist_boosts,postgres,authenticated,TRUNCATE,f
public,active_artist_boosts,postgres,authenticated,UPDATE,f
public,active_artist_boosts,postgres,postgres,DELETE,f
public,active_artist_boosts,postgres,postgres,INSERT,f
public,active_artist_boosts,postgres,postgres,MAINTAIN,f
public,active_artist_boosts,postgres,postgres,REFERENCES,f
public,active_artist_boosts,postgres,postgres,SELECT,f
public,active_artist_boosts,postgres,postgres,TRIGGER,f
public,active_artist_boosts,postgres,postgres,TRUNCATE,f
public,active_artist_boosts,postgres,postgres,UPDATE,f
public,active_artist_boosts,postgres,service_role,DELETE,f
public,active_artist_boosts,postgres,service_role,INSERT,f
public,active_artist_boosts,postgres,service_role,MAINTAIN,f
public,active_artist_boosts,postgres,service_role,REFERENCES,f
public,active_artist_boosts,postgres,service_role,SELECT,f
public,active_artist_boosts,postgres,service_role,TRIGGER,f
public,active_artist_boosts,postgres,service_role,TRUNCATE,f
public,active_artist_boosts,postgres,service_role,UPDATE,f
public,active_artist_boosts,postgres,synaura_app,DELETE,f
public,active_artist_boosts,postgres,synaura_app,INSERT,f
public,active_artist_boosts,postgres,synaura_app,SELECT,f
public,active_artist_boosts,postgres,synaura_app,UPDATE,f
public,active_track_boosts,postgres,anon,DELETE,f
public,active_track_boosts,postgres,anon,INSERT,f
public,active_track_boosts,postgres,anon,MAINTAIN,f
public,active_track_boosts,postgres,anon,REFERENCES,f
public,active_track_boosts,postgres,anon,SELECT,f
public,active_track_boosts,postgres,anon,TRIGGER,f
public,active_track_boosts,postgres,anon,TRUNCATE,f
public,active_track_boosts,postgres,anon,UPDATE,f
public,active_track_boosts,postgres,authenticated,DELETE,f
public,active_track_boosts,postgres,authenticated,INSERT,f
public,active_track_boosts,postgres,authenticated,MAINTAIN,f
public,active_track_boosts,postgres,authenticated,REFERENCES,f
public,active_track_boosts,postgres,authenticated,SELECT,f
public,active_track_boosts,postgres,authenticated,TRIGGER,f
public,active_track_boosts,postgres,authenticated,TRUNCATE,f
public,active_track_boosts,postgres,authenticated,UPDATE,f
public,active_track_boosts,postgres,postgres,DELETE,f
public,active_track_boosts,postgres,postgres,INSERT,f
public,active_track_boosts,postgres,postgres,MAINTAIN,f
public,active_track_boosts,postgres,postgres,REFERENCES,f
public,active_track_boosts,postgres,postgres,SELECT,f
public,active_track_boosts,postgres,postgres,TRIGGER,f
public,active_track_boosts,postgres,postgres,TRUNCATE,f
public,active_track_boosts,postgres,postgres,UPDATE,f
public,active_track_boosts,postgres,service_role,DELETE,f
public,active_track_boosts,postgres,service_role,INSERT,f
public,active_track_boosts,postgres,service_role,MAINTAIN,f
public,active_track_boosts,postgres,service_role,REFERENCES,f
public,active_track_boosts,postgres,service_role,SELECT,f
public,active_track_boosts,postgres,service_role,TRIGGER,f
public,active_track_boosts,postgres,service_role,TRUNCATE,f
public,active_track_boosts,postgres,service_role,UPDATE,f
public,active_track_boosts,postgres,synaura_app,DELETE,f
public,active_track_boosts,postgres,synaura_app,INSERT,f
public,active_track_boosts,postgres,synaura_app,SELECT,f
public,active_track_boosts,postgres,synaura_app,UPDATE,f
public,admin_broadcasts,postgres,anon,DELETE,f
public,admin_broadcasts,postgres,anon,INSERT,f
public,admin_broadcasts,postgres,anon,MAINTAIN,f
public,admin_broadcasts,postgres,anon,REFERENCES,f
public,admin_broadcasts,postgres,anon,SELECT,f
public,admin_broadcasts,postgres,anon,TRIGGER,f
public,admin_broadcasts,postgres,anon,TRUNCATE,f
public,admin_broadcasts,postgres,anon,UPDATE,f
public,admin_broadcasts,postgres,authenticated,DELETE,f
public,admin_broadcasts,postgres,authenticated,INSERT,f
public,admin_broadcasts,postgres,authenticated,MAINTAIN,f
public,admin_broadcasts,postgres,authenticated,REFERENCES,f
public,admin_broadcasts,postgres,authenticated,SELECT,f
public,admin_broadcasts,postgres,authenticated,TRIGGER,f
public,admin_broadcasts,postgres,authenticated,TRUNCATE,f
public,admin_broadcasts,postgres,authenticated,UPDATE,f
public,admin_broadcasts,postgres,postgres,DELETE,f
public,admin_broadcasts,postgres,postgres,INSERT,f
public,admin_broadcasts,postgres,postgres,MAINTAIN,f
public,admin_broadcasts,postgres,postgres,REFERENCES,f
public,admin_broadcasts,postgres,postgres,SELECT,f
public,admin_broadcasts,postgres,postgres,TRIGGER,f
public,admin_broadcasts,postgres,postgres,TRUNCATE,f
public,admin_broadcasts,postgres,postgres,UPDATE,f
public,admin_broadcasts,postgres,service_role,DELETE,f
public,admin_broadcasts,postgres,service_role,INSERT,f
public,admin_broadcasts,postgres,service_role,MAINTAIN,f
public,admin_broadcasts,postgres,service_role,REFERENCES,f
public,admin_broadcasts,postgres,service_role,SELECT,f
public,admin_broadcasts,postgres,service_role,TRIGGER,f
public,admin_broadcasts,postgres,service_role,TRUNCATE,f
public,admin_broadcasts,postgres,service_role,UPDATE,f
public,admin_broadcasts,postgres,synaura_app,DELETE,f
public,admin_broadcasts,postgres,synaura_app,INSERT,f
public,admin_broadcasts,postgres,synaura_app,SELECT,f
public,admin_broadcasts,postgres,synaura_app,UPDATE,f
public,ai_credit_balances,postgres,anon,DELETE,f
public,ai_credit_balances,postgres,anon,INSERT,f
public,ai_credit_balances,postgres,anon,MAINTAIN,f
public,ai_credit_balances,postgres,anon,REFERENCES,f
public,ai_credit_balances,postgres,anon,SELECT,f
public,ai_credit_balances,postgres,anon,TRIGGER,f
public,ai_credit_balances,postgres,anon,TRUNCATE,f
public,ai_credit_balances,postgres,anon,UPDATE,f
public,ai_credit_balances,postgres,authenticated,DELETE,f
public,ai_credit_balances,postgres,authenticated,INSERT,f
public,ai_credit_balances,postgres,authenticated,MAINTAIN,f
public,ai_credit_balances,postgres,authenticated,REFERENCES,f
public,ai_credit_balances,postgres,authenticated,SELECT,f
public,ai_credit_balances,postgres,authenticated,TRIGGER,f
public,ai_credit_balances,postgres,authenticated,TRUNCATE,f
public,ai_credit_balances,postgres,authenticated,UPDATE,f
public,ai_credit_balances,postgres,postgres,DELETE,f
public,ai_credit_balances,postgres,postgres,INSERT,f
public,ai_credit_balances,postgres,postgres,MAINTAIN,f
public,ai_credit_balances,postgres,postgres,REFERENCES,f
public,ai_credit_balances,postgres,postgres,SELECT,f
public,ai_credit_balances,postgres,postgres,TRIGGER,f
public,ai_credit_balances,postgres,postgres,TRUNCATE,f
public,ai_credit_balances,postgres,postgres,UPDATE,f
public,ai_credit_balances,postgres,service_role,DELETE,f
public,ai_credit_balances,postgres,service_role,INSERT,f
public,ai_credit_balances,postgres,service_role,MAINTAIN,f
public,ai_credit_balances,postgres,service_role,REFERENCES,f
public,ai_credit_balances,postgres,service_role,SELECT,f
public,ai_credit_balances,postgres,service_role,TRIGGER,f
public,ai_credit_balances,postgres,service_role,TRUNCATE,f
public,ai_credit_balances,postgres,service_role,UPDATE,f
public,ai_credit_balances,postgres,synaura_app,DELETE,f
public,ai_credit_balances,postgres,synaura_app,INSERT,f
public,ai_credit_balances,postgres,synaura_app,SELECT,f
public,ai_credit_balances,postgres,synaura_app,UPDATE,f
public,ai_generations,postgres,anon,DELETE,f
public,ai_generations,postgres,anon,INSERT,f
public,ai_generations,postgres,anon,MAINTAIN,f
public,ai_generations,postgres,anon,REFERENCES,f
public,ai_generations,postgres,anon,SELECT,f
public,ai_generations,postgres,anon,TRIGGER,f
public,ai_generations,postgres,anon,TRUNCATE,f
public,ai_generations,postgres,anon,UPDATE,f
public,ai_generations,postgres,authenticated,DELETE,f
public,ai_generations,postgres,authenticated,INSERT,f
public,ai_generations,postgres,authenticated,MAINTAIN,f
public,ai_generations,postgres,authenticated,REFERENCES,f
public,ai_generations,postgres,authenticated,SELECT,f
public,ai_generations,postgres,authenticated,TRIGGER,f
public,ai_generations,postgres,authenticated,TRUNCATE,f
public,ai_generations,postgres,authenticated,UPDATE,f
public,ai_generations,postgres,postgres,DELETE,f
public,ai_generations,postgres,postgres,INSERT,f
public,ai_generations,postgres,postgres,MAINTAIN,f
public,ai_generations,postgres,postgres,REFERENCES,f
public,ai_generations,postgres,postgres,SELECT,f
public,ai_generations,postgres,postgres,TRIGGER,f
public,ai_generations,postgres,postgres,TRUNCATE,f
public,ai_generations,postgres,postgres,UPDATE,f
public,ai_generations,postgres,service_role,DELETE,f
public,ai_generations,postgres,service_role,INSERT,f
public,ai_generations,postgres,service_role,MAINTAIN,f
public,ai_generations,postgres,service_role,REFERENCES,f
public,ai_generations,postgres,service_role,SELECT,f
public,ai_generations,postgres,service_role,TRIGGER,f
public,ai_generations,postgres,service_role,TRUNCATE,f
public,ai_generations,postgres,service_role,UPDATE,f
public,ai_generations,postgres,synaura_app,DELETE,f
public,ai_generations,postgres,synaura_app,INSERT,f
public,ai_generations,postgres,synaura_app,SELECT,f
public,ai_generations,postgres,synaura_app,UPDATE,f
public,ai_playlist_tracks,postgres,anon,DELETE,f
public,ai_playlist_tracks,postgres,anon,INSERT,f
public,ai_playlist_tracks,postgres,anon,MAINTAIN,f
public,ai_playlist_tracks,postgres,anon,REFERENCES,f
public,ai_playlist_tracks,postgres,anon,SELECT,f
public,ai_playlist_tracks,postgres,anon,TRIGGER,f
public,ai_playlist_tracks,postgres,anon,TRUNCATE,f
public,ai_playlist_tracks,postgres,anon,UPDATE,f
public,ai_playlist_tracks,postgres,authenticated,DELETE,f
public,ai_playlist_tracks,postgres,authenticated,INSERT,f
public,ai_playlist_tracks,postgres,authenticated,MAINTAIN,f
public,ai_playlist_tracks,postgres,authenticated,REFERENCES,f
public,ai_playlist_tracks,postgres,authenticated,SELECT,f
public,ai_playlist_tracks,postgres,authenticated,TRIGGER,f
public,ai_playlist_tracks,postgres,authenticated,TRUNCATE,f
public,ai_playlist_tracks,postgres,authenticated,UPDATE,f
public,ai_playlist_tracks,postgres,postgres,DELETE,f
public,ai_playlist_tracks,postgres,postgres,INSERT,f
public,ai_playlist_tracks,postgres,postgres,MAINTAIN,f
public,ai_playlist_tracks,postgres,postgres,REFERENCES,f
public,ai_playlist_tracks,postgres,postgres,SELECT,f
public,ai_playlist_tracks,postgres,postgres,TRIGGER,f
public,ai_playlist_tracks,postgres,postgres,TRUNCATE,f
public,ai_playlist_tracks,postgres,postgres,UPDATE,f
public,ai_playlist_tracks,postgres,service_role,DELETE,f
public,ai_playlist_tracks,postgres,service_role,INSERT,f
public,ai_playlist_tracks,postgres,service_role,MAINTAIN,f
public,ai_playlist_tracks,postgres,service_role,REFERENCES,f
public,ai_playlist_tracks,postgres,service_role,SELECT,f
public,ai_playlist_tracks,postgres,service_role,TRIGGER,f
public,ai_playlist_tracks,postgres,service_role,TRUNCATE,f
public,ai_playlist_tracks,postgres,service_role,UPDATE,f
public,ai_playlist_tracks,postgres,synaura_app,DELETE,f
public,ai_playlist_tracks,postgres,synaura_app,INSERT,f
public,ai_playlist_tracks,postgres,synaura_app,SELECT,f
public,ai_playlist_tracks,postgres,synaura_app,UPDATE,f
public,ai_playlists,postgres,anon,DELETE,f
public,ai_playlists,postgres,anon,INSERT,f
public,ai_playlists,postgres,anon,MAINTAIN,f
public,ai_playlists,postgres,anon,REFERENCES,f
public,ai_playlists,postgres,anon,SELECT,f
public,ai_playlists,postgres,anon,TRIGGER,f
public,ai_playlists,postgres,anon,TRUNCATE,f
public,ai_playlists,postgres,anon,UPDATE,f
public,ai_playlists,postgres,authenticated,DELETE,f
public,ai_playlists,postgres,authenticated,INSERT,f
public,ai_playlists,postgres,authenticated,MAINTAIN,f
public,ai_playlists,postgres,authenticated,REFERENCES,f
public,ai_playlists,postgres,authenticated,SELECT,f
public,ai_playlists,postgres,authenticated,TRIGGER,f
public,ai_playlists,postgres,authenticated,TRUNCATE,f
public,ai_playlists,postgres,authenticated,UPDATE,f
public,ai_playlists,postgres,postgres,DELETE,f
public,ai_playlists,postgres,postgres,INSERT,f
public,ai_playlists,postgres,postgres,MAINTAIN,f
public,ai_playlists,postgres,postgres,REFERENCES,f
public,ai_playlists,postgres,postgres,SELECT,f
public,ai_playlists,postgres,postgres,TRIGGER,f
public,ai_playlists,postgres,postgres,TRUNCATE,f
public,ai_playlists,postgres,postgres,UPDATE,f
public,ai_playlists,postgres,service_role,DELETE,f
public,ai_playlists,postgres,service_role,INSERT,f
public,ai_playlists,postgres,service_role,MAINTAIN,f
public,ai_playlists,postgres,service_role,REFERENCES,f
public,ai_playlists,postgres,service_role,SELECT,f
public,ai_playlists,postgres,service_role,TRIGGER,f
public,ai_playlists,postgres,service_role,TRUNCATE,f
public,ai_playlists,postgres,service_role,UPDATE,f
public,ai_playlists,postgres,synaura_app,DELETE,f
public,ai_playlists,postgres,synaura_app,INSERT,f
public,ai_playlists,postgres,synaura_app,SELECT,f
public,ai_playlists,postgres,synaura_app,UPDATE,f
public,ai_track_likes,postgres,anon,DELETE,f
public,ai_track_likes,postgres,anon,INSERT,f
public,ai_track_likes,postgres,anon,MAINTAIN,f
public,ai_track_likes,postgres,anon,REFERENCES,f
public,ai_track_likes,postgres,anon,SELECT,f
public,ai_track_likes,postgres,anon,TRIGGER,f
public,ai_track_likes,postgres,anon,TRUNCATE,f
public,ai_track_likes,postgres,anon,UPDATE,f
public,ai_track_likes,postgres,authenticated,DELETE,f
public,ai_track_likes,postgres,authenticated,INSERT,f
public,ai_track_likes,postgres,authenticated,MAINTAIN,f
public,ai_track_likes,postgres,authenticated,REFERENCES,f
public,ai_track_likes,postgres,authenticated,SELECT,f
public,ai_track_likes,postgres,authenticated,TRIGGER,f
public,ai_track_likes,postgres,authenticated,TRUNCATE,f
public,ai_track_likes,postgres,authenticated,UPDATE,f
public,ai_track_likes,postgres,postgres,DELETE,f
public,ai_track_likes,postgres,postgres,INSERT,f
public,ai_track_likes,postgres,postgres,MAINTAIN,f
public,ai_track_likes,postgres,postgres,REFERENCES,f
public,ai_track_likes,postgres,postgres,SELECT,f
public,ai_track_likes,postgres,postgres,TRIGGER,f
public,ai_track_likes,postgres,postgres,TRUNCATE,f
public,ai_track_likes,postgres,postgres,UPDATE,f
public,ai_track_likes,postgres,service_role,DELETE,f
public,ai_track_likes,postgres,service_role,INSERT,f
public,ai_track_likes,postgres,service_role,MAINTAIN,f
public,ai_track_likes,postgres,service_role,REFERENCES,f
public,ai_track_likes,postgres,service_role,SELECT,f
public,ai_track_likes,postgres,service_role,TRIGGER,f
public,ai_track_likes,postgres,service_role,TRUNCATE,f
public,ai_track_likes,postgres,service_role,UPDATE,f
public,ai_track_likes,postgres,synaura_app,DELETE,f
public,ai_track_likes,postgres,synaura_app,INSERT,f
public,ai_track_likes,postgres,synaura_app,SELECT,f
public,ai_track_likes,postgres,synaura_app,UPDATE,f
public,ai_tracks,postgres,anon,DELETE,f
public,ai_tracks,postgres,anon,INSERT,f
public,ai_tracks,postgres,anon,MAINTAIN,f
public,ai_tracks,postgres,anon,REFERENCES,f
public,ai_tracks,postgres,anon,SELECT,f
public,ai_tracks,postgres,anon,TRIGGER,f
public,ai_tracks,postgres,anon,TRUNCATE,f
public,ai_tracks,postgres,anon,UPDATE,f
public,ai_tracks,postgres,authenticated,DELETE,f
public,ai_tracks,postgres,authenticated,INSERT,f
public,ai_tracks,postgres,authenticated,MAINTAIN,f
public,ai_tracks,postgres,authenticated,REFERENCES,f
public,ai_tracks,postgres,authenticated,SELECT,f
public,ai_tracks,postgres,authenticated,TRIGGER,f
public,ai_tracks,postgres,authenticated,TRUNCATE,f
public,ai_tracks,postgres,authenticated,UPDATE,f
public,ai_tracks,postgres,postgres,DELETE,f
public,ai_tracks,postgres,postgres,INSERT,f
public,ai_tracks,postgres,postgres,MAINTAIN,f
public,ai_tracks,postgres,postgres,REFERENCES,f
public,ai_tracks,postgres,postgres,SELECT,f
public,ai_tracks,postgres,postgres,TRIGGER,f
public,ai_tracks,postgres,postgres,TRUNCATE,f
public,ai_tracks,postgres,postgres,UPDATE,f
public,ai_tracks,postgres,service_role,DELETE,f
public,ai_tracks,postgres,service_role,INSERT,f
public,ai_tracks,postgres,service_role,MAINTAIN,f
public,ai_tracks,postgres,service_role,REFERENCES,f
public,ai_tracks,postgres,service_role,SELECT,f
public,ai_tracks,postgres,service_role,TRIGGER,f
public,ai_tracks,postgres,service_role,TRUNCATE,f
public,ai_tracks,postgres,service_role,UPDATE,f
public,ai_tracks,postgres,synaura_app,DELETE,f
public,ai_tracks,postgres,synaura_app,INSERT,f
public,ai_tracks,postgres,synaura_app,SELECT,f
public,ai_tracks,postgres,synaura_app,UPDATE,f
public,ai_usage_stats,postgres,anon,DELETE,f
public,ai_usage_stats,postgres,anon,INSERT,f
public,ai_usage_stats,postgres,anon,MAINTAIN,f
public,ai_usage_stats,postgres,anon,REFERENCES,f
public,ai_usage_stats,postgres,anon,SELECT,f
public,ai_usage_stats,postgres,anon,TRIGGER,f
public,ai_usage_stats,postgres,anon,TRUNCATE,f
public,ai_usage_stats,postgres,anon,UPDATE,f
public,ai_usage_stats,postgres,authenticated,DELETE,f
public,ai_usage_stats,postgres,authenticated,INSERT,f
public,ai_usage_stats,postgres,authenticated,MAINTAIN,f
public,ai_usage_stats,postgres,authenticated,REFERENCES,f
public,ai_usage_stats,postgres,authenticated,SELECT,f
public,ai_usage_stats,postgres,authenticated,TRIGGER,f
public,ai_usage_stats,postgres,authenticated,TRUNCATE,f
public,ai_usage_stats,postgres,authenticated,UPDATE,f
public,ai_usage_stats,postgres,postgres,DELETE,f
public,ai_usage_stats,postgres,postgres,INSERT,f
public,ai_usage_stats,postgres,postgres,MAINTAIN,f
public,ai_usage_stats,postgres,postgres,REFERENCES,f
public,ai_usage_stats,postgres,postgres,SELECT,f
public,ai_usage_stats,postgres,postgres,TRIGGER,f
public,ai_usage_stats,postgres,postgres,TRUNCATE,f
public,ai_usage_stats,postgres,postgres,UPDATE,f
public,ai_usage_stats,postgres,service_role,DELETE,f
public,ai_usage_stats,postgres,service_role,INSERT,f
public,ai_usage_stats,postgres,service_role,MAINTAIN,f
public,ai_usage_stats,postgres,service_role,REFERENCES,f
public,ai_usage_stats,postgres,service_role,SELECT,f
public,ai_usage_stats,postgres,service_role,TRIGGER,f
public,ai_usage_stats,postgres,service_role,TRUNCATE,f
public,ai_usage_stats,postgres,service_role,UPDATE,f
public,ai_usage_stats,postgres,synaura_app,DELETE,f
public,ai_usage_stats,postgres,synaura_app,INSERT,f
public,ai_usage_stats,postgres,synaura_app,SELECT,f
public,ai_usage_stats,postgres,synaura_app,UPDATE,f
public,boosters,postgres,anon,DELETE,f
public,boosters,postgres,anon,INSERT,f
public,boosters,postgres,anon,MAINTAIN,f
public,boosters,postgres,anon,REFERENCES,f
public,boosters,postgres,anon,SELECT,f
public,boosters,postgres,anon,TRIGGER,f
public,boosters,postgres,anon,TRUNCATE,f
public,boosters,postgres,anon,UPDATE,f
public,boosters,postgres,authenticated,DELETE,f
public,boosters,postgres,authenticated,INSERT,f
public,boosters,postgres,authenticated,MAINTAIN,f
public,boosters,postgres,authenticated,REFERENCES,f
public,boosters,postgres,authenticated,SELECT,f
public,boosters,postgres,authenticated,TRIGGER,f
public,boosters,postgres,authenticated,TRUNCATE,f
public,boosters,postgres,authenticated,UPDATE,f
public,boosters,postgres,postgres,DELETE,f
public,boosters,postgres,postgres,INSERT,f
public,boosters,postgres,postgres,MAINTAIN,f
public,boosters,postgres,postgres,REFERENCES,f
public,boosters,postgres,postgres,SELECT,f
public,boosters,postgres,postgres,TRIGGER,f
public,boosters,postgres,postgres,TRUNCATE,f
public,boosters,postgres,postgres,UPDATE,f
public,boosters,postgres,service_role,DELETE,f
public,boosters,postgres,service_role,INSERT,f
public,boosters,postgres,service_role,MAINTAIN,f
public,boosters,postgres,service_role,REFERENCES,f
public,boosters,postgres,service_role,SELECT,f
public,boosters,postgres,service_role,TRIGGER,f
public,boosters,postgres,service_role,TRUNCATE,f
public,boosters,postgres,service_role,UPDATE,f
public,boosters,postgres,synaura_app,DELETE,f
public,boosters,postgres,synaura_app,INSERT,f
public,boosters,postgres,synaura_app,SELECT,f
public,boosters,postgres,synaura_app,UPDATE,f
public,challenge_entries,postgres,anon,DELETE,f
public,challenge_entries,postgres,anon,INSERT,f
public,challenge_entries,postgres,anon,MAINTAIN,f
public,challenge_entries,postgres,anon,REFERENCES,f
public,challenge_entries,postgres,anon,SELECT,f
public,challenge_entries,postgres,anon,TRIGGER,f
public,challenge_entries,postgres,anon,TRUNCATE,f
public,challenge_entries,postgres,anon,UPDATE,f
public,challenge_entries,postgres,authenticated,DELETE,f
public,challenge_entries,postgres,authenticated,INSERT,f
public,challenge_entries,postgres,authenticated,MAINTAIN,f
public,challenge_entries,postgres,authenticated,REFERENCES,f
public,challenge_entries,postgres,authenticated,SELECT,f
public,challenge_entries,postgres,authenticated,TRIGGER,f
public,challenge_entries,postgres,authenticated,TRUNCATE,f
public,challenge_entries,postgres,authenticated,UPDATE,f
public,challenge_entries,postgres,postgres,DELETE,f
public,challenge_entries,postgres,postgres,INSERT,f
public,challenge_entries,postgres,postgres,MAINTAIN,f
public,challenge_entries,postgres,postgres,REFERENCES,f
public,challenge_entries,postgres,postgres,SELECT,f
public,challenge_entries,postgres,postgres,TRIGGER,f
public,challenge_entries,postgres,postgres,TRUNCATE,f
public,challenge_entries,postgres,postgres,UPDATE,f
public,challenge_entries,postgres,service_role,DELETE,f
public,challenge_entries,postgres,service_role,INSERT,f
public,challenge_entries,postgres,service_role,MAINTAIN,f
public,challenge_entries,postgres,service_role,REFERENCES,f
public,challenge_entries,postgres,service_role,SELECT,f
public,challenge_entries,postgres,service_role,TRIGGER,f
public,challenge_entries,postgres,service_role,TRUNCATE,f
public,challenge_entries,postgres,service_role,UPDATE,f
public,challenge_entries,postgres,synaura_app,DELETE,f
public,challenge_entries,postgres,synaura_app,INSERT,f
public,challenge_entries,postgres,synaura_app,SELECT,f
public,challenge_entries,postgres,synaura_app,UPDATE,f
public,city_event_participations,postgres,postgres,DELETE,f
public,city_event_participations,postgres,postgres,INSERT,f
public,city_event_participations,postgres,postgres,MAINTAIN,f
public,city_event_participations,postgres,postgres,REFERENCES,f
public,city_event_participations,postgres,postgres,SELECT,f
public,city_event_participations,postgres,postgres,TRIGGER,f
public,city_event_participations,postgres,postgres,TRUNCATE,f
public,city_event_participations,postgres,postgres,UPDATE,f
public,city_event_participations,postgres,service_role,DELETE,f
public,city_event_participations,postgres,service_role,INSERT,f
public,city_event_participations,postgres,service_role,MAINTAIN,f
public,city_event_participations,postgres,service_role,REFERENCES,f
public,city_event_participations,postgres,service_role,SELECT,f
public,city_event_participations,postgres,service_role,TRIGGER,f
public,city_event_participations,postgres,service_role,TRUNCATE,f
public,city_event_participations,postgres,service_role,UPDATE,f
public,city_event_participations,postgres,synaura_app,DELETE,f
public,city_event_participations,postgres,synaura_app,INSERT,f
public,city_event_participations,postgres,synaura_app,SELECT,f
public,city_event_participations,postgres,synaura_app,UPDATE,f
public,city_event_tracks,postgres,postgres,DELETE,f
public,city_event_tracks,postgres,postgres,INSERT,f
public,city_event_tracks,postgres,postgres,MAINTAIN,f
public,city_event_tracks,postgres,postgres,REFERENCES,f
public,city_event_tracks,postgres,postgres,SELECT,f
public,city_event_tracks,postgres,postgres,TRIGGER,f
public,city_event_tracks,postgres,postgres,TRUNCATE,f
public,city_event_tracks,postgres,postgres,UPDATE,f
public,city_event_tracks,postgres,service_role,DELETE,f
public,city_event_tracks,postgres,service_role,INSERT,f
public,city_event_tracks,postgres,service_role,MAINTAIN,f
public,city_event_tracks,postgres,service_role,REFERENCES,f
public,city_event_tracks,postgres,service_role,SELECT,f
public,city_event_tracks,postgres,service_role,TRIGGER,f
public,city_event_tracks,postgres,service_role,TRUNCATE,f
public,city_event_tracks,postgres,service_role,UPDATE,f
public,city_event_tracks,postgres,synaura_app,DELETE,f
public,city_event_tracks,postgres,synaura_app,INSERT,f
public,city_event_tracks,postgres,synaura_app,SELECT,f
public,city_event_tracks,postgres,synaura_app,UPDATE,f
public,city_event_votes,postgres,postgres,DELETE,f
public,city_event_votes,postgres,postgres,INSERT,f
public,city_event_votes,postgres,postgres,MAINTAIN,f
public,city_event_votes,postgres,postgres,REFERENCES,f
public,city_event_votes,postgres,postgres,SELECT,f
public,city_event_votes,postgres,postgres,TRIGGER,f
public,city_event_votes,postgres,postgres,TRUNCATE,f
public,city_event_votes,postgres,postgres,UPDATE,f
public,city_event_votes,postgres,service_role,DELETE,f
public,city_event_votes,postgres,service_role,INSERT,f
public,city_event_votes,postgres,service_role,MAINTAIN,f
public,city_event_votes,postgres,service_role,REFERENCES,f
public,city_event_votes,postgres,service_role,SELECT,f
public,city_event_votes,postgres,service_role,TRIGGER,f
public,city_event_votes,postgres,service_role,TRUNCATE,f
public,city_event_votes,postgres,service_role,UPDATE,f
public,city_event_votes,postgres,synaura_app,DELETE,f
public,city_event_votes,postgres,synaura_app,INSERT,f
public,city_event_votes,postgres,synaura_app,SELECT,f
public,city_event_votes,postgres,synaura_app,UPDATE,f
public,city_event_winners,postgres,postgres,DELETE,f
public,city_event_winners,postgres,postgres,INSERT,f
public,city_event_winners,postgres,postgres,MAINTAIN,f
public,city_event_winners,postgres,postgres,REFERENCES,f
public,city_event_winners,postgres,postgres,SELECT,f
public,city_event_winners,postgres,postgres,TRIGGER,f
public,city_event_winners,postgres,postgres,TRUNCATE,f
public,city_event_winners,postgres,postgres,UPDATE,f
public,city_event_winners,postgres,service_role,DELETE,f
public,city_event_winners,postgres,service_role,INSERT,f
public,city_event_winners,postgres,service_role,MAINTAIN,f
public,city_event_winners,postgres,service_role,REFERENCES,f
public,city_event_winners,postgres,service_role,SELECT,f
public,city_event_winners,postgres,service_role,TRIGGER,f
public,city_event_winners,postgres,service_role,TRUNCATE,f
public,city_event_winners,postgres,service_role,UPDATE,f
public,city_event_winners,postgres,synaura_app,DELETE,f
public,city_event_winners,postgres,synaura_app,INSERT,f
public,city_event_winners,postgres,synaura_app,SELECT,f
public,city_event_winners,postgres,synaura_app,UPDATE,f
public,city_events,postgres,postgres,DELETE,f
public,city_events,postgres,postgres,INSERT,f
public,city_events,postgres,postgres,MAINTAIN,f
public,city_events,postgres,postgres,REFERENCES,f
public,city_events,postgres,postgres,SELECT,f
public,city_events,postgres,postgres,TRIGGER,f
public,city_events,postgres,postgres,TRUNCATE,f
public,city_events,postgres,postgres,UPDATE,f
public,city_events,postgres,service_role,DELETE,f
public,city_events,postgres,service_role,INSERT,f
public,city_events,postgres,service_role,MAINTAIN,f
public,city_events,postgres,service_role,REFERENCES,f
public,city_events,postgres,service_role,SELECT,f
public,city_events,postgres,service_role,TRIGGER,f
public,city_events,postgres,service_role,TRUNCATE,f
public,city_events,postgres,service_role,UPDATE,f
public,city_events,postgres,synaura_app,DELETE,f
public,city_events,postgres,synaura_app,INSERT,f
public,city_events,postgres,synaura_app,SELECT,f
public,city_events,postgres,synaura_app,UPDATE,f
public,city_user_rewards,postgres,postgres,DELETE,f
public,city_user_rewards,postgres,postgres,INSERT,f
public,city_user_rewards,postgres,postgres,MAINTAIN,f
public,city_user_rewards,postgres,postgres,REFERENCES,f
public,city_user_rewards,postgres,postgres,SELECT,f
public,city_user_rewards,postgres,postgres,TRIGGER,f
public,city_user_rewards,postgres,postgres,TRUNCATE,f
public,city_user_rewards,postgres,postgres,UPDATE,f
public,city_user_rewards,postgres,service_role,DELETE,f
public,city_user_rewards,postgres,service_role,INSERT,f
public,city_user_rewards,postgres,service_role,MAINTAIN,f
public,city_user_rewards,postgres,service_role,REFERENCES,f
public,city_user_rewards,postgres,service_role,SELECT,f
public,city_user_rewards,postgres,service_role,TRIGGER,f
public,city_user_rewards,postgres,service_role,TRUNCATE,f
public,city_user_rewards,postgres,service_role,UPDATE,f
public,city_user_rewards,postgres,synaura_app,DELETE,f
public,city_user_rewards,postgres,synaura_app,INSERT,f
public,city_user_rewards,postgres,synaura_app,SELECT,f
public,city_user_rewards,postgres,synaura_app,UPDATE,f
public,comment_likes,postgres,anon,DELETE,f
public,comment_likes,postgres,anon,INSERT,f
public,comment_likes,postgres,anon,MAINTAIN,f
public,comment_likes,postgres,anon,REFERENCES,f
public,comment_likes,postgres,anon,SELECT,f
public,comment_likes,postgres,anon,TRIGGER,f
public,comment_likes,postgres,anon,TRUNCATE,f
public,comment_likes,postgres,anon,UPDATE,f
public,comment_likes,postgres,authenticated,DELETE,f
public,comment_likes,postgres,authenticated,INSERT,f
public,comment_likes,postgres,authenticated,MAINTAIN,f
public,comment_likes,postgres,authenticated,REFERENCES,f
public,comment_likes,postgres,authenticated,SELECT,f
public,comment_likes,postgres,authenticated,TRIGGER,f
public,comment_likes,postgres,authenticated,TRUNCATE,f
public,comment_likes,postgres,authenticated,UPDATE,f
public,comment_likes,postgres,postgres,DELETE,f
public,comment_likes,postgres,postgres,INSERT,f
public,comment_likes,postgres,postgres,MAINTAIN,f
public,comment_likes,postgres,postgres,REFERENCES,f
public,comment_likes,postgres,postgres,SELECT,f
public,comment_likes,postgres,postgres,TRIGGER,f
public,comment_likes,postgres,postgres,TRUNCATE,f
public,comment_likes,postgres,postgres,UPDATE,f
public,comment_likes,postgres,service_role,DELETE,f
public,comment_likes,postgres,service_role,INSERT,f
public,comment_likes,postgres,service_role,MAINTAIN,f
public,comment_likes,postgres,service_role,REFERENCES,f
public,comment_likes,postgres,service_role,SELECT,f
public,comment_likes,postgres,service_role,TRIGGER,f
public,comment_likes,postgres,service_role,TRUNCATE,f
public,comment_likes,postgres,service_role,UPDATE,f
public,comment_likes,postgres,synaura_app,DELETE,f
public,comment_likes,postgres,synaura_app,INSERT,f
public,comment_likes,postgres,synaura_app,SELECT,f
public,comment_likes,postgres,synaura_app,UPDATE,f
public,comment_moderation,postgres,anon,DELETE,f
public,comment_moderation,postgres,anon,INSERT,f
public,comment_moderation,postgres,anon,MAINTAIN,f
public,comment_moderation,postgres,anon,REFERENCES,f
public,comment_moderation,postgres,anon,SELECT,f
public,comment_moderation,postgres,anon,TRIGGER,f
public,comment_moderation,postgres,anon,TRUNCATE,f
public,comment_moderation,postgres,anon,UPDATE,f
public,comment_moderation,postgres,authenticated,DELETE,f
public,comment_moderation,postgres,authenticated,INSERT,f
public,comment_moderation,postgres,authenticated,MAINTAIN,f
public,comment_moderation,postgres,authenticated,REFERENCES,f
public,comment_moderation,postgres,authenticated,SELECT,f
public,comment_moderation,postgres,authenticated,TRIGGER,f
public,comment_moderation,postgres,authenticated,TRUNCATE,f
public,comment_moderation,postgres,authenticated,UPDATE,f
public,comment_moderation,postgres,postgres,DELETE,f
public,comment_moderation,postgres,postgres,INSERT,f
public,comment_moderation,postgres,postgres,MAINTAIN,f
public,comment_moderation,postgres,postgres,REFERENCES,f
public,comment_moderation,postgres,postgres,SELECT,f
public,comment_moderation,postgres,postgres,TRIGGER,f
public,comment_moderation,postgres,postgres,TRUNCATE,f
public,comment_moderation,postgres,postgres,UPDATE,f
public,comment_moderation,postgres,service_role,DELETE,f
public,comment_moderation,postgres,service_role,INSERT,f
public,comment_moderation,postgres,service_role,MAINTAIN,f
public,comment_moderation,postgres,service_role,REFERENCES,f
public,comment_moderation,postgres,service_role,SELECT,f
public,comment_moderation,postgres,service_role,TRIGGER,f
public,comment_moderation,postgres,service_role,TRUNCATE,f
public,comment_moderation,postgres,service_role,UPDATE,f
public,comment_moderation,postgres,synaura_app,DELETE,f
public,comment_moderation,postgres,synaura_app,INSERT,f
public,comment_moderation,postgres,synaura_app,SELECT,f
public,comment_moderation,postgres,synaura_app,UPDATE,f
public,comment_reactions,postgres,anon,DELETE,f
public,comment_reactions,postgres,anon,INSERT,f
public,comment_reactions,postgres,anon,MAINTAIN,f
public,comment_reactions,postgres,anon,REFERENCES,f
public,comment_reactions,postgres,anon,SELECT,f
public,comment_reactions,postgres,anon,TRIGGER,f
public,comment_reactions,postgres,anon,TRUNCATE,f
public,comment_reactions,postgres,anon,UPDATE,f
public,comment_reactions,postgres,authenticated,DELETE,f
public,comment_reactions,postgres,authenticated,INSERT,f
public,comment_reactions,postgres,authenticated,MAINTAIN,f
public,comment_reactions,postgres,authenticated,REFERENCES,f
public,comment_reactions,postgres,authenticated,SELECT,f
public,comment_reactions,postgres,authenticated,TRIGGER,f
public,comment_reactions,postgres,authenticated,TRUNCATE,f
public,comment_reactions,postgres,authenticated,UPDATE,f
public,comment_reactions,postgres,postgres,DELETE,f
public,comment_reactions,postgres,postgres,INSERT,f
public,comment_reactions,postgres,postgres,MAINTAIN,f
public,comment_reactions,postgres,postgres,REFERENCES,f
public,comment_reactions,postgres,postgres,SELECT,f
public,comment_reactions,postgres,postgres,TRIGGER,f
public,comment_reactions,postgres,postgres,TRUNCATE,f
public,comment_reactions,postgres,postgres,UPDATE,f
public,comment_reactions,postgres,service_role,DELETE,f
public,comment_reactions,postgres,service_role,INSERT,f
public,comment_reactions,postgres,service_role,MAINTAIN,f
public,comment_reactions,postgres,service_role,REFERENCES,f
public,comment_reactions,postgres,service_role,SELECT,f
public,comment_reactions,postgres,service_role,TRIGGER,f
public,comment_reactions,postgres,service_role,TRUNCATE,f
public,comment_reactions,postgres,service_role,UPDATE,f
public,comment_reactions,postgres,synaura_app,DELETE,f
public,comment_reactions,postgres,synaura_app,INSERT,f
public,comment_reactions,postgres,synaura_app,SELECT,f
public,comment_reactions,postgres,synaura_app,UPDATE,f
public,comment_reactions_id_seq,postgres,anon,SELECT,f
public,comment_reactions_id_seq,postgres,anon,UPDATE,f
public,comment_reactions_id_seq,postgres,anon,USAGE,f
public,comment_reactions_id_seq,postgres,authenticated,SELECT,f
public,comment_reactions_id_seq,postgres,authenticated,UPDATE,f
public,comment_reactions_id_seq,postgres,authenticated,USAGE,f
public,comment_reactions_id_seq,postgres,postgres,SELECT,f
public,comment_reactions_id_seq,postgres,postgres,UPDATE,f
public,comment_reactions_id_seq,postgres,postgres,USAGE,f
public,comment_reactions_id_seq,postgres,service_role,SELECT,f
public,comment_reactions_id_seq,postgres,service_role,UPDATE,f
public,comment_reactions_id_seq,postgres,service_role,USAGE,f
public,comment_reactions_id_seq,postgres,synaura_app,SELECT,f
public,comment_reactions_id_seq,postgres,synaura_app,UPDATE,f
public,comment_reactions_id_seq,postgres,synaura_app,USAGE,f
public,comments,postgres,anon,DELETE,f
public,comments,postgres,anon,INSERT,f
public,comments,postgres,anon,MAINTAIN,f
public,comments,postgres,anon,REFERENCES,f
public,comments,postgres,anon,SELECT,f
public,comments,postgres,anon,TRIGGER,f
public,comments,postgres,anon,TRUNCATE,f
public,comments,postgres,anon,UPDATE,f
public,comments,postgres,authenticated,DELETE,f
public,comments,postgres,authenticated,INSERT,f
public,comments,postgres,authenticated,MAINTAIN,f
public,comments,postgres,authenticated,REFERENCES,f
public,comments,postgres,authenticated,SELECT,f
public,comments,postgres,authenticated,TRIGGER,f
public,comments,postgres,authenticated,TRUNCATE,f
public,comments,postgres,authenticated,UPDATE,f
public,comments,postgres,postgres,DELETE,f
public,comments,postgres,postgres,INSERT,f
public,comments,postgres,postgres,MAINTAIN,f
public,comments,postgres,postgres,REFERENCES,f
public,comments,postgres,postgres,SELECT,f
public,comments,postgres,postgres,TRIGGER,f
public,comments,postgres,postgres,TRUNCATE,f
public,comments,postgres,postgres,UPDATE,f
public,comments,postgres,service_role,DELETE,f
public,comments,postgres,service_role,INSERT,f
public,comments,postgres,service_role,MAINTAIN,f
public,comments,postgres,service_role,REFERENCES,f
public,comments,postgres,service_role,SELECT,f
public,comments,postgres,service_role,TRIGGER,f
public,comments,postgres,service_role,TRUNCATE,f
public,comments,postgres,service_role,UPDATE,f
public,comments,postgres,synaura_app,DELETE,f
public,comments,postgres,synaura_app,INSERT,f
public,comments,postgres,synaura_app,SELECT,f
public,comments,postgres,synaura_app,UPDATE,f
public,conversation_participants,postgres,anon,DELETE,f
public,conversation_participants,postgres,anon,INSERT,f
public,conversation_participants,postgres,anon,MAINTAIN,f
public,conversation_participants,postgres,anon,REFERENCES,f
public,conversation_participants,postgres,anon,SELECT,f
public,conversation_participants,postgres,anon,TRIGGER,f
public,conversation_participants,postgres,anon,TRUNCATE,f
public,conversation_participants,postgres,anon,UPDATE,f
public,conversation_participants,postgres,authenticated,DELETE,f
public,conversation_participants,postgres,authenticated,INSERT,f
public,conversation_participants,postgres,authenticated,MAINTAIN,f
public,conversation_participants,postgres,authenticated,REFERENCES,f
public,conversation_participants,postgres,authenticated,SELECT,f
public,conversation_participants,postgres,authenticated,TRIGGER,f
public,conversation_participants,postgres,authenticated,TRUNCATE,f
public,conversation_participants,postgres,authenticated,UPDATE,f
public,conversation_participants,postgres,postgres,DELETE,f
public,conversation_participants,postgres,postgres,INSERT,f
public,conversation_participants,postgres,postgres,MAINTAIN,f
public,conversation_participants,postgres,postgres,REFERENCES,f
public,conversation_participants,postgres,postgres,SELECT,f
public,conversation_participants,postgres,postgres,TRIGGER,f
public,conversation_participants,postgres,postgres,TRUNCATE,f
public,conversation_participants,postgres,postgres,UPDATE,f
public,conversation_participants,postgres,service_role,DELETE,f
public,conversation_participants,postgres,service_role,INSERT,f
public,conversation_participants,postgres,service_role,MAINTAIN,f
public,conversation_participants,postgres,service_role,REFERENCES,f
public,conversation_participants,postgres,service_role,SELECT,f
public,conversation_participants,postgres,service_role,TRIGGER,f
public,conversation_participants,postgres,service_role,TRUNCATE,f
public,conversation_participants,postgres,service_role,UPDATE,f
public,conversation_participants,postgres,synaura_app,DELETE,f
public,conversation_participants,postgres,synaura_app,INSERT,f
public,conversation_participants,postgres,synaura_app,SELECT,f
public,conversation_participants,postgres,synaura_app,UPDATE,f
public,conversation_participants_id_seq,postgres,anon,SELECT,f
public,conversation_participants_id_seq,postgres,anon,UPDATE,f
public,conversation_participants_id_seq,postgres,anon,USAGE,f
public,conversation_participants_id_seq,postgres,authenticated,SELECT,f
public,conversation_participants_id_seq,postgres,authenticated,UPDATE,f
public,conversation_participants_id_seq,postgres,authenticated,USAGE,f
public,conversation_participants_id_seq,postgres,postgres,SELECT,f
public,conversation_participants_id_seq,postgres,postgres,UPDATE,f
public,conversation_participants_id_seq,postgres,postgres,USAGE,f
public,conversation_participants_id_seq,postgres,service_role,SELECT,f
public,conversation_participants_id_seq,postgres,service_role,UPDATE,f
public,conversation_participants_id_seq,postgres,service_role,USAGE,f
public,conversation_participants_id_seq,postgres,synaura_app,SELECT,f
public,conversation_participants_id_seq,postgres,synaura_app,UPDATE,f
public,conversation_participants_id_seq,postgres,synaura_app,USAGE,f
public,conversation_realtime_events,postgres,anon,DELETE,f
public,conversation_realtime_events,postgres,anon,INSERT,f
public,conversation_realtime_events,postgres,anon,MAINTAIN,f
public,conversation_realtime_events,postgres,anon,REFERENCES,f
public,conversation_realtime_events,postgres,anon,SELECT,f
public,conversation_realtime_events,postgres,anon,TRIGGER,f
public,conversation_realtime_events,postgres,anon,TRUNCATE,f
public,conversation_realtime_events,postgres,anon,UPDATE,f
public,conversation_realtime_events,postgres,authenticated,DELETE,f
public,conversation_realtime_events,postgres,authenticated,INSERT,f
public,conversation_realtime_events,postgres,authenticated,MAINTAIN,f
public,conversation_realtime_events,postgres,authenticated,REFERENCES,f
public,conversation_realtime_events,postgres,authenticated,SELECT,f
public,conversation_realtime_events,postgres,authenticated,TRIGGER,f
public,conversation_realtime_events,postgres,authenticated,TRUNCATE,f
public,conversation_realtime_events,postgres,authenticated,UPDATE,f
public,conversation_realtime_events,postgres,postgres,DELETE,f
public,conversation_realtime_events,postgres,postgres,INSERT,f
public,conversation_realtime_events,postgres,postgres,MAINTAIN,f
public,conversation_realtime_events,postgres,postgres,REFERENCES,f
public,conversation_realtime_events,postgres,postgres,SELECT,f
public,conversation_realtime_events,postgres,postgres,TRIGGER,f
public,conversation_realtime_events,postgres,postgres,TRUNCATE,f
public,conversation_realtime_events,postgres,postgres,UPDATE,f
public,conversation_realtime_events,postgres,service_role,DELETE,f
public,conversation_realtime_events,postgres,service_role,INSERT,f
public,conversation_realtime_events,postgres,service_role,MAINTAIN,f
public,conversation_realtime_events,postgres,service_role,REFERENCES,f
public,conversation_realtime_events,postgres,service_role,SELECT,f
public,conversation_realtime_events,postgres,service_role,TRIGGER,f
public,conversation_realtime_events,postgres,service_role,TRUNCATE,f
public,conversation_realtime_events,postgres,service_role,UPDATE,f
public,conversation_realtime_events,postgres,synaura_app,DELETE,f
public,conversation_realtime_events,postgres,synaura_app,INSERT,f
public,conversation_realtime_events,postgres,synaura_app,SELECT,f
public,conversation_realtime_events,postgres,synaura_app,UPDATE,f
public,conversation_rooms,postgres,anon,DELETE,f
public,conversation_rooms,postgres,anon,INSERT,f
public,conversation_rooms,postgres,anon,MAINTAIN,f
public,conversation_rooms,postgres,anon,REFERENCES,f
public,conversation_rooms,postgres,anon,SELECT,f
public,conversation_rooms,postgres,anon,TRIGGER,f
public,conversation_rooms,postgres,anon,TRUNCATE,f
public,conversation_rooms,postgres,anon,UPDATE,f
public,conversation_rooms,postgres,authenticated,DELETE,f
public,conversation_rooms,postgres,authenticated,INSERT,f
public,conversation_rooms,postgres,authenticated,MAINTAIN,f
public,conversation_rooms,postgres,authenticated,REFERENCES,f
public,conversation_rooms,postgres,authenticated,SELECT,f
public,conversation_rooms,postgres,authenticated,TRIGGER,f
public,conversation_rooms,postgres,authenticated,TRUNCATE,f
public,conversation_rooms,postgres,authenticated,UPDATE,f
public,conversation_rooms,postgres,postgres,DELETE,f
public,conversation_rooms,postgres,postgres,INSERT,f
public,conversation_rooms,postgres,postgres,MAINTAIN,f
public,conversation_rooms,postgres,postgres,REFERENCES,f
public,conversation_rooms,postgres,postgres,SELECT,f
public,conversation_rooms,postgres,postgres,TRIGGER,f
public,conversation_rooms,postgres,postgres,TRUNCATE,f
public,conversation_rooms,postgres,postgres,UPDATE,f
public,conversation_rooms,postgres,service_role,DELETE,f
public,conversation_rooms,postgres,service_role,INSERT,f
public,conversation_rooms,postgres,service_role,MAINTAIN,f
public,conversation_rooms,postgres,service_role,REFERENCES,f
public,conversation_rooms,postgres,service_role,SELECT,f
public,conversation_rooms,postgres,service_role,TRIGGER,f
public,conversation_rooms,postgres,service_role,TRUNCATE,f
public,conversation_rooms,postgres,service_role,UPDATE,f
public,conversation_rooms,postgres,synaura_app,DELETE,f
public,conversation_rooms,postgres,synaura_app,INSERT,f
public,conversation_rooms,postgres,synaura_app,SELECT,f
public,conversation_rooms,postgres,synaura_app,UPDATE,f
public,conversations,postgres,anon,DELETE,f
public,conversations,postgres,anon,INSERT,f
public,conversations,postgres,anon,MAINTAIN,f
public,conversations,postgres,anon,REFERENCES,f
public,conversations,postgres,anon,SELECT,f
public,conversations,postgres,anon,TRIGGER,f
public,conversations,postgres,anon,TRUNCATE,f
public,conversations,postgres,anon,UPDATE,f
public,conversations,postgres,authenticated,DELETE,f
public,conversations,postgres,authenticated,INSERT,f
public,conversations,postgres,authenticated,MAINTAIN,f
public,conversations,postgres,authenticated,REFERENCES,f
public,conversations,postgres,authenticated,SELECT,f
public,conversations,postgres,authenticated,TRIGGER,f
public,conversations,postgres,authenticated,TRUNCATE,f
public,conversations,postgres,authenticated,UPDATE,f
public,conversations,postgres,postgres,DELETE,f
public,conversations,postgres,postgres,INSERT,f
public,conversations,postgres,postgres,MAINTAIN,f
public,conversations,postgres,postgres,REFERENCES,f
public,conversations,postgres,postgres,SELECT,f
public,conversations,postgres,postgres,TRIGGER,f
public,conversations,postgres,postgres,TRUNCATE,f
public,conversations,postgres,postgres,UPDATE,f
public,conversations,postgres,service_role,DELETE,f
public,conversations,postgres,service_role,INSERT,f
public,conversations,postgres,service_role,MAINTAIN,f
public,conversations,postgres,service_role,REFERENCES,f
public,conversations,postgres,service_role,SELECT,f
public,conversations,postgres,service_role,TRIGGER,f
public,conversations,postgres,service_role,TRUNCATE,f
public,conversations,postgres,service_role,UPDATE,f
public,conversations,postgres,synaura_app,DELETE,f
public,conversations,postgres,synaura_app,INSERT,f
public,conversations,postgres,synaura_app,SELECT,f
public,conversations,postgres,synaura_app,UPDATE,f
public,creator_comment_filters,postgres,anon,DELETE,f
public,creator_comment_filters,postgres,anon,INSERT,f
public,creator_comment_filters,postgres,anon,MAINTAIN,f
public,creator_comment_filters,postgres,anon,REFERENCES,f
public,creator_comment_filters,postgres,anon,SELECT,f
public,creator_comment_filters,postgres,anon,TRIGGER,f
public,creator_comment_filters,postgres,anon,TRUNCATE,f
public,creator_comment_filters,postgres,anon,UPDATE,f
public,creator_comment_filters,postgres,authenticated,DELETE,f
public,creator_comment_filters,postgres,authenticated,INSERT,f
public,creator_comment_filters,postgres,authenticated,MAINTAIN,f
public,creator_comment_filters,postgres,authenticated,REFERENCES,f
public,creator_comment_filters,postgres,authenticated,SELECT,f
public,creator_comment_filters,postgres,authenticated,TRIGGER,f
public,creator_comment_filters,postgres,authenticated,TRUNCATE,f
public,creator_comment_filters,postgres,authenticated,UPDATE,f
public,creator_comment_filters,postgres,postgres,DELETE,f
public,creator_comment_filters,postgres,postgres,INSERT,f
public,creator_comment_filters,postgres,postgres,MAINTAIN,f
public,creator_comment_filters,postgres,postgres,REFERENCES,f
public,creator_comment_filters,postgres,postgres,SELECT,f
public,creator_comment_filters,postgres,postgres,TRIGGER,f
public,creator_comment_filters,postgres,postgres,TRUNCATE,f
public,creator_comment_filters,postgres,postgres,UPDATE,f
public,creator_comment_filters,postgres,service_role,DELETE,f
public,creator_comment_filters,postgres,service_role,INSERT,f
public,creator_comment_filters,postgres,service_role,MAINTAIN,f
public,creator_comment_filters,postgres,service_role,REFERENCES,f
public,creator_comment_filters,postgres,service_role,SELECT,f
public,creator_comment_filters,postgres,service_role,TRIGGER,f
public,creator_comment_filters,postgres,service_role,TRUNCATE,f
public,creator_comment_filters,postgres,service_role,UPDATE,f
public,creator_comment_filters,postgres,synaura_app,DELETE,f
public,creator_comment_filters,postgres,synaura_app,INSERT,f
public,creator_comment_filters,postgres,synaura_app,SELECT,f
public,creator_comment_filters,postgres,synaura_app,UPDATE,f
public,creator_comment_filters_id_seq,postgres,anon,SELECT,f
public,creator_comment_filters_id_seq,postgres,anon,UPDATE,f
public,creator_comment_filters_id_seq,postgres,anon,USAGE,f
public,creator_comment_filters_id_seq,postgres,authenticated,SELECT,f
public,creator_comment_filters_id_seq,postgres,authenticated,UPDATE,f
public,creator_comment_filters_id_seq,postgres,authenticated,USAGE,f
public,creator_comment_filters_id_seq,postgres,postgres,SELECT,f
public,creator_comment_filters_id_seq,postgres,postgres,UPDATE,f
public,creator_comment_filters_id_seq,postgres,postgres,USAGE,f
public,creator_comment_filters_id_seq,postgres,service_role,SELECT,f
public,creator_comment_filters_id_seq,postgres,service_role,UPDATE,f
public,creator_comment_filters_id_seq,postgres,service_role,USAGE,f
public,creator_comment_filters_id_seq,postgres,synaura_app,SELECT,f
public,creator_comment_filters_id_seq,postgres,synaura_app,UPDATE,f
public,creator_comment_filters_id_seq,postgres,synaura_app,USAGE,f
public,creator_posts,postgres,anon,DELETE,f
public,creator_posts,postgres,anon,INSERT,f
public,creator_posts,postgres,anon,MAINTAIN,f
public,creator_posts,postgres,anon,REFERENCES,f
public,creator_posts,postgres,anon,SELECT,f
public,creator_posts,postgres,anon,TRIGGER,f
public,creator_posts,postgres,anon,TRUNCATE,f
public,creator_posts,postgres,anon,UPDATE,f
public,creator_posts,postgres,authenticated,DELETE,f
public,creator_posts,postgres,authenticated,INSERT,f
public,creator_posts,postgres,authenticated,MAINTAIN,f
public,creator_posts,postgres,authenticated,REFERENCES,f
public,creator_posts,postgres,authenticated,SELECT,f
public,creator_posts,postgres,authenticated,TRIGGER,f
public,creator_posts,postgres,authenticated,TRUNCATE,f
public,creator_posts,postgres,authenticated,UPDATE,f
public,creator_posts,postgres,postgres,DELETE,f
public,creator_posts,postgres,postgres,INSERT,f
public,creator_posts,postgres,postgres,MAINTAIN,f
public,creator_posts,postgres,postgres,REFERENCES,f
public,creator_posts,postgres,postgres,SELECT,f
public,creator_posts,postgres,postgres,TRIGGER,f
public,creator_posts,postgres,postgres,TRUNCATE,f
public,creator_posts,postgres,postgres,UPDATE,f
public,creator_posts,postgres,service_role,DELETE,f
public,creator_posts,postgres,service_role,INSERT,f
public,creator_posts,postgres,service_role,MAINTAIN,f
public,creator_posts,postgres,service_role,REFERENCES,f
public,creator_posts,postgres,service_role,SELECT,f
public,creator_posts,postgres,service_role,TRIGGER,f
public,creator_posts,postgres,service_role,TRUNCATE,f
public,creator_posts,postgres,service_role,UPDATE,f
public,creator_posts,postgres,synaura_app,DELETE,f
public,creator_posts,postgres,synaura_app,INSERT,f
public,creator_posts,postgres,synaura_app,SELECT,f
public,creator_posts,postgres,synaura_app,UPDATE,f
public,credit_ledger,postgres,anon,DELETE,f
public,credit_ledger,postgres,anon,INSERT,f
public,credit_ledger,postgres,anon,MAINTAIN,f
public,credit_ledger,postgres,anon,REFERENCES,f
public,credit_ledger,postgres,anon,SELECT,f
public,credit_ledger,postgres,anon,TRIGGER,f
public,credit_ledger,postgres,anon,TRUNCATE,f
public,credit_ledger,postgres,anon,UPDATE,f
public,credit_ledger,postgres,authenticated,DELETE,f
public,credit_ledger,postgres,authenticated,INSERT,f
public,credit_ledger,postgres,authenticated,MAINTAIN,f
public,credit_ledger,postgres,authenticated,REFERENCES,f
public,credit_ledger,postgres,authenticated,SELECT,f
public,credit_ledger,postgres,authenticated,TRIGGER,f
public,credit_ledger,postgres,authenticated,TRUNCATE,f
public,credit_ledger,postgres,authenticated,UPDATE,f
public,credit_ledger,postgres,postgres,DELETE,f
public,credit_ledger,postgres,postgres,INSERT,f
public,credit_ledger,postgres,postgres,MAINTAIN,f
public,credit_ledger,postgres,postgres,REFERENCES,f
public,credit_ledger,postgres,postgres,SELECT,f
public,credit_ledger,postgres,postgres,TRIGGER,f
public,credit_ledger,postgres,postgres,TRUNCATE,f
public,credit_ledger,postgres,postgres,UPDATE,f
public,credit_ledger,postgres,service_role,DELETE,f
public,credit_ledger,postgres,service_role,INSERT,f
public,credit_ledger,postgres,service_role,MAINTAIN,f
public,credit_ledger,postgres,service_role,REFERENCES,f
public,credit_ledger,postgres,service_role,SELECT,f
public,credit_ledger,postgres,service_role,TRIGGER,f
public,credit_ledger,postgres,service_role,TRUNCATE,f
public,credit_ledger,postgres,service_role,UPDATE,f
public,credit_ledger,postgres,synaura_app,DELETE,f
public,credit_ledger,postgres,synaura_app,INSERT,f
public,credit_ledger,postgres,synaura_app,SELECT,f
public,credit_ledger,postgres,synaura_app,UPDATE,f
public,editorial_collections,postgres,anon,SELECT,f
public,editorial_collections,postgres,authenticated,SELECT,f
public,editorial_collections,postgres,postgres,DELETE,f
public,editorial_collections,postgres,postgres,INSERT,f
public,editorial_collections,postgres,postgres,MAINTAIN,f
public,editorial_collections,postgres,postgres,REFERENCES,f
public,editorial_collections,postgres,postgres,SELECT,f
public,editorial_collections,postgres,postgres,TRIGGER,f
public,editorial_collections,postgres,postgres,TRUNCATE,f
public,editorial_collections,postgres,postgres,UPDATE,f
public,editorial_collections,postgres,service_role,DELETE,f
public,editorial_collections,postgres,service_role,INSERT,f
public,editorial_collections,postgres,service_role,MAINTAIN,f
public,editorial_collections,postgres,service_role,REFERENCES,f
public,editorial_collections,postgres,service_role,SELECT,f
public,editorial_collections,postgres,service_role,TRIGGER,f
public,editorial_collections,postgres,service_role,TRUNCATE,f
public,editorial_collections,postgres,service_role,UPDATE,f
public,editorial_collections,postgres,synaura_app,DELETE,f
public,editorial_collections,postgres,synaura_app,INSERT,f
public,editorial_collections,postgres,synaura_app,SELECT,f
public,editorial_collections,postgres,synaura_app,UPDATE,f
public,faq_items,postgres,anon,DELETE,f
public,faq_items,postgres,anon,INSERT,f
public,faq_items,postgres,anon,MAINTAIN,f
public,faq_items,postgres,anon,REFERENCES,f
public,faq_items,postgres,anon,SELECT,f
public,faq_items,postgres,anon,TRIGGER,f
public,faq_items,postgres,anon,TRUNCATE,f
public,faq_items,postgres,anon,UPDATE,f
public,faq_items,postgres,authenticated,DELETE,f
public,faq_items,postgres,authenticated,INSERT,f
public,faq_items,postgres,authenticated,MAINTAIN,f
public,faq_items,postgres,authenticated,REFERENCES,f
public,faq_items,postgres,authenticated,SELECT,f
public,faq_items,postgres,authenticated,TRIGGER,f
public,faq_items,postgres,authenticated,TRUNCATE,f
public,faq_items,postgres,authenticated,UPDATE,f
public,faq_items,postgres,postgres,DELETE,f
public,faq_items,postgres,postgres,INSERT,f
public,faq_items,postgres,postgres,MAINTAIN,f
public,faq_items,postgres,postgres,REFERENCES,f
public,faq_items,postgres,postgres,SELECT,f
public,faq_items,postgres,postgres,TRIGGER,f
public,faq_items,postgres,postgres,TRUNCATE,f
public,faq_items,postgres,postgres,UPDATE,f
public,faq_items,postgres,service_role,DELETE,f
public,faq_items,postgres,service_role,INSERT,f
public,faq_items,postgres,service_role,MAINTAIN,f
public,faq_items,postgres,service_role,REFERENCES,f
public,faq_items,postgres,service_role,SELECT,f
public,faq_items,postgres,service_role,TRIGGER,f
public,faq_items,postgres,service_role,TRUNCATE,f
public,faq_items,postgres,service_role,UPDATE,f
public,faq_items,postgres,synaura_app,DELETE,f
public,faq_items,postgres,synaura_app,INSERT,f
public,faq_items,postgres,synaura_app,SELECT,f
public,faq_items,postgres,synaura_app,UPDATE,f
public,faq_votes,postgres,anon,DELETE,f
public,faq_votes,postgres,anon,INSERT,f
public,faq_votes,postgres,anon,MAINTAIN,f
public,faq_votes,postgres,anon,REFERENCES,f
public,faq_votes,postgres,anon,SELECT,f
public,faq_votes,postgres,anon,TRIGGER,f
public,faq_votes,postgres,anon,TRUNCATE,f
public,faq_votes,postgres,anon,UPDATE,f
public,faq_votes,postgres,authenticated,DELETE,f
public,faq_votes,postgres,authenticated,INSERT,f
public,faq_votes,postgres,authenticated,MAINTAIN,f
public,faq_votes,postgres,authenticated,REFERENCES,f
public,faq_votes,postgres,authenticated,SELECT,f
public,faq_votes,postgres,authenticated,TRIGGER,f
public,faq_votes,postgres,authenticated,TRUNCATE,f
public,faq_votes,postgres,authenticated,UPDATE,f
public,faq_votes,postgres,postgres,DELETE,f
public,faq_votes,postgres,postgres,INSERT,f
public,faq_votes,postgres,postgres,MAINTAIN,f
public,faq_votes,postgres,postgres,REFERENCES,f
public,faq_votes,postgres,postgres,SELECT,f
public,faq_votes,postgres,postgres,TRIGGER,f
public,faq_votes,postgres,postgres,TRUNCATE,f
public,faq_votes,postgres,postgres,UPDATE,f
public,faq_votes,postgres,service_role,DELETE,f
public,faq_votes,postgres,service_role,INSERT,f
public,faq_votes,postgres,service_role,MAINTAIN,f
public,faq_votes,postgres,service_role,REFERENCES,f
public,faq_votes,postgres,service_role,SELECT,f
public,faq_votes,postgres,service_role,TRIGGER,f
public,faq_votes,postgres,service_role,TRUNCATE,f
public,faq_votes,postgres,service_role,UPDATE,f
public,faq_votes,postgres,synaura_app,DELETE,f
public,faq_votes,postgres,synaura_app,INSERT,f
public,faq_votes,postgres,synaura_app,SELECT,f
public,faq_votes,postgres,synaura_app,UPDATE,f
public,follow_requests,postgres,anon,DELETE,f
public,follow_requests,postgres,anon,INSERT,f
public,follow_requests,postgres,anon,MAINTAIN,f
public,follow_requests,postgres,anon,REFERENCES,f
public,follow_requests,postgres,anon,SELECT,f
public,follow_requests,postgres,anon,TRIGGER,f
public,follow_requests,postgres,anon,TRUNCATE,f
public,follow_requests,postgres,anon,UPDATE,f
public,follow_requests,postgres,authenticated,DELETE,f
public,follow_requests,postgres,authenticated,INSERT,f
public,follow_requests,postgres,authenticated,MAINTAIN,f
public,follow_requests,postgres,authenticated,REFERENCES,f
public,follow_requests,postgres,authenticated,SELECT,f
public,follow_requests,postgres,authenticated,TRIGGER,f
public,follow_requests,postgres,authenticated,TRUNCATE,f
public,follow_requests,postgres,authenticated,UPDATE,f
public,follow_requests,postgres,postgres,DELETE,f
public,follow_requests,postgres,postgres,INSERT,f
public,follow_requests,postgres,postgres,MAINTAIN,f
public,follow_requests,postgres,postgres,REFERENCES,f
public,follow_requests,postgres,postgres,SELECT,f
public,follow_requests,postgres,postgres,TRIGGER,f
public,follow_requests,postgres,postgres,TRUNCATE,f
public,follow_requests,postgres,postgres,UPDATE,f
public,follow_requests,postgres,service_role,DELETE,f
public,follow_requests,postgres,service_role,INSERT,f
public,follow_requests,postgres,service_role,MAINTAIN,f
public,follow_requests,postgres,service_role,REFERENCES,f
public,follow_requests,postgres,service_role,SELECT,f
public,follow_requests,postgres,service_role,TRIGGER,f
public,follow_requests,postgres,service_role,TRUNCATE,f
public,follow_requests,postgres,service_role,UPDATE,f
public,follow_requests,postgres,synaura_app,DELETE,f
public,follow_requests,postgres,synaura_app,INSERT,f
public,follow_requests,postgres,synaura_app,SELECT,f
public,follow_requests,postgres,synaura_app,UPDATE,f
public,follow_requests_id_seq,postgres,anon,SELECT,f
public,follow_requests_id_seq,postgres,anon,UPDATE,f
public,follow_requests_id_seq,postgres,anon,USAGE,f
public,follow_requests_id_seq,postgres,authenticated,SELECT,f
public,follow_requests_id_seq,postgres,authenticated,UPDATE,f
public,follow_requests_id_seq,postgres,authenticated,USAGE,f
public,follow_requests_id_seq,postgres,postgres,SELECT,f
public,follow_requests_id_seq,postgres,postgres,UPDATE,f
public,follow_requests_id_seq,postgres,postgres,USAGE,f
public,follow_requests_id_seq,postgres,service_role,SELECT,f
public,follow_requests_id_seq,postgres,service_role,UPDATE,f
public,follow_requests_id_seq,postgres,service_role,USAGE,f
public,follow_requests_id_seq,postgres,synaura_app,SELECT,f
public,follow_requests_id_seq,postgres,synaura_app,UPDATE,f
public,follow_requests_id_seq,postgres,synaura_app,USAGE,f
public,forum_post_likes,postgres,anon,DELETE,f
public,forum_post_likes,postgres,anon,INSERT,f
public,forum_post_likes,postgres,anon,MAINTAIN,f
public,forum_post_likes,postgres,anon,REFERENCES,f
public,forum_post_likes,postgres,anon,SELECT,f
public,forum_post_likes,postgres,anon,TRIGGER,f
public,forum_post_likes,postgres,anon,TRUNCATE,f
public,forum_post_likes,postgres,anon,UPDATE,f
public,forum_post_likes,postgres,authenticated,DELETE,f
public,forum_post_likes,postgres,authenticated,INSERT,f
public,forum_post_likes,postgres,authenticated,MAINTAIN,f
public,forum_post_likes,postgres,authenticated,REFERENCES,f
public,forum_post_likes,postgres,authenticated,SELECT,f
public,forum_post_likes,postgres,authenticated,TRIGGER,f
public,forum_post_likes,postgres,authenticated,TRUNCATE,f
public,forum_post_likes,postgres,authenticated,UPDATE,f
public,forum_post_likes,postgres,postgres,DELETE,f
public,forum_post_likes,postgres,postgres,INSERT,f
public,forum_post_likes,postgres,postgres,MAINTAIN,f
public,forum_post_likes,postgres,postgres,REFERENCES,f
public,forum_post_likes,postgres,postgres,SELECT,f
public,forum_post_likes,postgres,postgres,TRIGGER,f
public,forum_post_likes,postgres,postgres,TRUNCATE,f
public,forum_post_likes,postgres,postgres,UPDATE,f
public,forum_post_likes,postgres,service_role,DELETE,f
public,forum_post_likes,postgres,service_role,INSERT,f
public,forum_post_likes,postgres,service_role,MAINTAIN,f
public,forum_post_likes,postgres,service_role,REFERENCES,f
public,forum_post_likes,postgres,service_role,SELECT,f
public,forum_post_likes,postgres,service_role,TRIGGER,f
public,forum_post_likes,postgres,service_role,TRUNCATE,f
public,forum_post_likes,postgres,service_role,UPDATE,f
public,forum_post_likes,postgres,synaura_app,DELETE,f
public,forum_post_likes,postgres,synaura_app,INSERT,f
public,forum_post_likes,postgres,synaura_app,SELECT,f
public,forum_post_likes,postgres,synaura_app,UPDATE,f
public,forum_posts,postgres,anon,DELETE,f
public,forum_posts,postgres,anon,INSERT,f
public,forum_posts,postgres,anon,MAINTAIN,f
public,forum_posts,postgres,anon,REFERENCES,f
public,forum_posts,postgres,anon,SELECT,f
public,forum_posts,postgres,anon,TRIGGER,f
public,forum_posts,postgres,anon,TRUNCATE,f
public,forum_posts,postgres,anon,UPDATE,f
public,forum_posts,postgres,authenticated,DELETE,f
public,forum_posts,postgres,authenticated,INSERT,f
public,forum_posts,postgres,authenticated,MAINTAIN,f
public,forum_posts,postgres,authenticated,REFERENCES,f
public,forum_posts,postgres,authenticated,SELECT,f
public,forum_posts,postgres,authenticated,TRIGGER,f
public,forum_posts,postgres,authenticated,TRUNCATE,f
public,forum_posts,postgres,authenticated,UPDATE,f
public,forum_posts,postgres,postgres,DELETE,f
public,forum_posts,postgres,postgres,INSERT,f
public,forum_posts,postgres,postgres,MAINTAIN,f
public,forum_posts,postgres,postgres,REFERENCES,f
public,forum_posts,postgres,postgres,SELECT,f
public,forum_posts,postgres,postgres,TRIGGER,f
public,forum_posts,postgres,postgres,TRUNCATE,f
public,forum_posts,postgres,postgres,UPDATE,f
public,forum_posts,postgres,service_role,DELETE,f
public,forum_posts,postgres,service_role,INSERT,f
public,forum_posts,postgres,service_role,MAINTAIN,f
public,forum_posts,postgres,service_role,REFERENCES,f
public,forum_posts,postgres,service_role,SELECT,f
public,forum_posts,postgres,service_role,TRIGGER,f
public,forum_posts,postgres,service_role,TRUNCATE,f
public,forum_posts,postgres,service_role,UPDATE,f
public,forum_posts,postgres,synaura_app,DELETE,f
public,forum_posts,postgres,synaura_app,INSERT,f
public,forum_posts,postgres,synaura_app,SELECT,f
public,forum_posts,postgres,synaura_app,UPDATE,f
public,forum_replies,postgres,anon,DELETE,f
public,forum_replies,postgres,anon,INSERT,f
public,forum_replies,postgres,anon,MAINTAIN,f
public,forum_replies,postgres,anon,REFERENCES,f
public,forum_replies,postgres,anon,SELECT,f
public,forum_replies,postgres,anon,TRIGGER,f
public,forum_replies,postgres,anon,TRUNCATE,f
public,forum_replies,postgres,anon,UPDATE,f
public,forum_replies,postgres,authenticated,DELETE,f
public,forum_replies,postgres,authenticated,INSERT,f
public,forum_replies,postgres,authenticated,MAINTAIN,f
public,forum_replies,postgres,authenticated,REFERENCES,f
public,forum_replies,postgres,authenticated,SELECT,f
public,forum_replies,postgres,authenticated,TRIGGER,f
public,forum_replies,postgres,authenticated,TRUNCATE,f
public,forum_replies,postgres,authenticated,UPDATE,f
public,forum_replies,postgres,postgres,DELETE,f
public,forum_replies,postgres,postgres,INSERT,f
public,forum_replies,postgres,postgres,MAINTAIN,f
public,forum_replies,postgres,postgres,REFERENCES,f
public,forum_replies,postgres,postgres,SELECT,f
public,forum_replies,postgres,postgres,TRIGGER,f
public,forum_replies,postgres,postgres,TRUNCATE,f
public,forum_replies,postgres,postgres,UPDATE,f
public,forum_replies,postgres,service_role,DELETE,f
public,forum_replies,postgres,service_role,INSERT,f
public,forum_replies,postgres,service_role,MAINTAIN,f
public,forum_replies,postgres,service_role,REFERENCES,f
public,forum_replies,postgres,service_role,SELECT,f
public,forum_replies,postgres,service_role,TRIGGER,f
public,forum_replies,postgres,service_role,TRUNCATE,f
public,forum_replies,postgres,service_role,UPDATE,f
public,forum_replies,postgres,synaura_app,DELETE,f
public,forum_replies,postgres,synaura_app,INSERT,f
public,forum_replies,postgres,synaura_app,SELECT,f
public,forum_replies,postgres,synaura_app,UPDATE,f
public,forum_reply_likes,postgres,anon,DELETE,f
public,forum_reply_likes,postgres,anon,INSERT,f
public,forum_reply_likes,postgres,anon,MAINTAIN,f
public,forum_reply_likes,postgres,anon,REFERENCES,f
public,forum_reply_likes,postgres,anon,SELECT,f
public,forum_reply_likes,postgres,anon,TRIGGER,f
public,forum_reply_likes,postgres,anon,TRUNCATE,f
public,forum_reply_likes,postgres,anon,UPDATE,f
public,forum_reply_likes,postgres,authenticated,DELETE,f
public,forum_reply_likes,postgres,authenticated,INSERT,f
public,forum_reply_likes,postgres,authenticated,MAINTAIN,f
public,forum_reply_likes,postgres,authenticated,REFERENCES,f
public,forum_reply_likes,postgres,authenticated,SELECT,f
public,forum_reply_likes,postgres,authenticated,TRIGGER,f
public,forum_reply_likes,postgres,authenticated,TRUNCATE,f
public,forum_reply_likes,postgres,authenticated,UPDATE,f
public,forum_reply_likes,postgres,postgres,DELETE,f
public,forum_reply_likes,postgres,postgres,INSERT,f
public,forum_reply_likes,postgres,postgres,MAINTAIN,f
public,forum_reply_likes,postgres,postgres,REFERENCES,f
public,forum_reply_likes,postgres,postgres,SELECT,f
public,forum_reply_likes,postgres,postgres,TRIGGER,f
public,forum_reply_likes,postgres,postgres,TRUNCATE,f
public,forum_reply_likes,postgres,postgres,UPDATE,f
public,forum_reply_likes,postgres,service_role,DELETE,f
public,forum_reply_likes,postgres,service_role,INSERT,f
public,forum_reply_likes,postgres,service_role,MAINTAIN,f
public,forum_reply_likes,postgres,service_role,REFERENCES,f
public,forum_reply_likes,postgres,service_role,SELECT,f
public,forum_reply_likes,postgres,service_role,TRIGGER,f
public,forum_reply_likes,postgres,service_role,TRUNCATE,f
public,forum_reply_likes,postgres,service_role,UPDATE,f
public,forum_reply_likes,postgres,synaura_app,DELETE,f
public,forum_reply_likes,postgres,synaura_app,INSERT,f
public,forum_reply_likes,postgres,synaura_app,SELECT,f
public,forum_reply_likes,postgres,synaura_app,UPDATE,f
public,friendships,postgres,anon,DELETE,f
public,friendships,postgres,anon,INSERT,f
public,friendships,postgres,anon,MAINTAIN,f
public,friendships,postgres,anon,REFERENCES,f
public,friendships,postgres,anon,SELECT,f
public,friendships,postgres,anon,TRIGGER,f
public,friendships,postgres,anon,TRUNCATE,f
public,friendships,postgres,anon,UPDATE,f
public,friendships,postgres,authenticated,DELETE,f
public,friendships,postgres,authenticated,INSERT,f
public,friendships,postgres,authenticated,MAINTAIN,f
public,friendships,postgres,authenticated,REFERENCES,f
public,friendships,postgres,authenticated,SELECT,f
public,friendships,postgres,authenticated,TRIGGER,f
public,friendships,postgres,authenticated,TRUNCATE,f
public,friendships,postgres,authenticated,UPDATE,f
public,friendships,postgres,postgres,DELETE,f
public,friendships,postgres,postgres,INSERT,f
public,friendships,postgres,postgres,MAINTAIN,f
public,friendships,postgres,postgres,REFERENCES,f
public,friendships,postgres,postgres,SELECT,f
public,friendships,postgres,postgres,TRIGGER,f
public,friendships,postgres,postgres,TRUNCATE,f
public,friendships,postgres,postgres,UPDATE,f
public,friendships,postgres,service_role,DELETE,f
public,friendships,postgres,service_role,INSERT,f
public,friendships,postgres,service_role,MAINTAIN,f
public,friendships,postgres,service_role,REFERENCES,f
public,friendships,postgres,service_role,SELECT,f
public,friendships,postgres,service_role,TRIGGER,f
public,friendships,postgres,service_role,TRUNCATE,f
public,friendships,postgres,service_role,UPDATE,f
public,friendships,postgres,synaura_app,DELETE,f
public,friendships,postgres,synaura_app,INSERT,f
public,friendships,postgres,synaura_app,SELECT,f
public,friendships,postgres,synaura_app,UPDATE,f
public,message_attachments,postgres,anon,DELETE,f
public,message_attachments,postgres,anon,INSERT,f
public,message_attachments,postgres,anon,MAINTAIN,f
public,message_attachments,postgres,anon,REFERENCES,f
public,message_attachments,postgres,anon,SELECT,f
public,message_attachments,postgres,anon,TRIGGER,f
public,message_attachments,postgres,anon,TRUNCATE,f
public,message_attachments,postgres,anon,UPDATE,f
public,message_attachments,postgres,authenticated,DELETE,f
public,message_attachments,postgres,authenticated,INSERT,f
public,message_attachments,postgres,authenticated,MAINTAIN,f
public,message_attachments,postgres,authenticated,REFERENCES,f
public,message_attachments,postgres,authenticated,SELECT,f
public,message_attachments,postgres,authenticated,TRIGGER,f
public,message_attachments,postgres,authenticated,TRUNCATE,f
public,message_attachments,postgres,authenticated,UPDATE,f
public,message_attachments,postgres,postgres,DELETE,f
public,message_attachments,postgres,postgres,INSERT,f
public,message_attachments,postgres,postgres,MAINTAIN,f
public,message_attachments,postgres,postgres,REFERENCES,f
public,message_attachments,postgres,postgres,SELECT,f
public,message_attachments,postgres,postgres,TRIGGER,f
public,message_attachments,postgres,postgres,TRUNCATE,f
public,message_attachments,postgres,postgres,UPDATE,f
public,message_attachments,postgres,service_role,DELETE,f
public,message_attachments,postgres,service_role,INSERT,f
public,message_attachments,postgres,service_role,MAINTAIN,f
public,message_attachments,postgres,service_role,REFERENCES,f
public,message_attachments,postgres,service_role,SELECT,f
public,message_attachments,postgres,service_role,TRIGGER,f
public,message_attachments,postgres,service_role,TRUNCATE,f
public,message_attachments,postgres,service_role,UPDATE,f
public,message_attachments,postgres,synaura_app,DELETE,f
public,message_attachments,postgres,synaura_app,INSERT,f
public,message_attachments,postgres,synaura_app,SELECT,f
public,message_attachments,postgres,synaura_app,UPDATE,f
public,message_hidden_users,postgres,anon,DELETE,f
public,message_hidden_users,postgres,anon,INSERT,f
public,message_hidden_users,postgres,anon,MAINTAIN,f
public,message_hidden_users,postgres,anon,REFERENCES,f
public,message_hidden_users,postgres,anon,SELECT,f
public,message_hidden_users,postgres,anon,TRIGGER,f
public,message_hidden_users,postgres,anon,TRUNCATE,f
public,message_hidden_users,postgres,anon,UPDATE,f
public,message_hidden_users,postgres,authenticated,DELETE,f
public,message_hidden_users,postgres,authenticated,INSERT,f
public,message_hidden_users,postgres,authenticated,MAINTAIN,f
public,message_hidden_users,postgres,authenticated,REFERENCES,f
public,message_hidden_users,postgres,authenticated,SELECT,f
public,message_hidden_users,postgres,authenticated,TRIGGER,f
public,message_hidden_users,postgres,authenticated,TRUNCATE,f
public,message_hidden_users,postgres,authenticated,UPDATE,f
public,message_hidden_users,postgres,postgres,DELETE,f
public,message_hidden_users,postgres,postgres,INSERT,f
public,message_hidden_users,postgres,postgres,MAINTAIN,f
public,message_hidden_users,postgres,postgres,REFERENCES,f
public,message_hidden_users,postgres,postgres,SELECT,f
public,message_hidden_users,postgres,postgres,TRIGGER,f
public,message_hidden_users,postgres,postgres,TRUNCATE,f
public,message_hidden_users,postgres,postgres,UPDATE,f
public,message_hidden_users,postgres,service_role,DELETE,f
public,message_hidden_users,postgres,service_role,INSERT,f
public,message_hidden_users,postgres,service_role,MAINTAIN,f
public,message_hidden_users,postgres,service_role,REFERENCES,f
public,message_hidden_users,postgres,service_role,SELECT,f
public,message_hidden_users,postgres,service_role,TRIGGER,f
public,message_hidden_users,postgres,service_role,TRUNCATE,f
public,message_hidden_users,postgres,service_role,UPDATE,f
public,message_hidden_users,postgres,synaura_app,DELETE,f
public,message_hidden_users,postgres,synaura_app,INSERT,f
public,message_hidden_users,postgres,synaura_app,SELECT,f
public,message_hidden_users,postgres,synaura_app,UPDATE,f
public,message_pins,postgres,anon,DELETE,f
public,message_pins,postgres,anon,INSERT,f
public,message_pins,postgres,anon,MAINTAIN,f
public,message_pins,postgres,anon,REFERENCES,f
public,message_pins,postgres,anon,SELECT,f
public,message_pins,postgres,anon,TRIGGER,f
public,message_pins,postgres,anon,TRUNCATE,f
public,message_pins,postgres,anon,UPDATE,f
public,message_pins,postgres,authenticated,DELETE,f
public,message_pins,postgres,authenticated,INSERT,f
public,message_pins,postgres,authenticated,MAINTAIN,f
public,message_pins,postgres,authenticated,REFERENCES,f
public,message_pins,postgres,authenticated,SELECT,f
public,message_pins,postgres,authenticated,TRIGGER,f
public,message_pins,postgres,authenticated,TRUNCATE,f
public,message_pins,postgres,authenticated,UPDATE,f
public,message_pins,postgres,postgres,DELETE,f
public,message_pins,postgres,postgres,INSERT,f
public,message_pins,postgres,postgres,MAINTAIN,f
public,message_pins,postgres,postgres,REFERENCES,f
public,message_pins,postgres,postgres,SELECT,f
public,message_pins,postgres,postgres,TRIGGER,f
public,message_pins,postgres,postgres,TRUNCATE,f
public,message_pins,postgres,postgres,UPDATE,f
public,message_pins,postgres,service_role,DELETE,f
public,message_pins,postgres,service_role,INSERT,f
public,message_pins,postgres,service_role,MAINTAIN,f
public,message_pins,postgres,service_role,REFERENCES,f
public,message_pins,postgres,service_role,SELECT,f
public,message_pins,postgres,service_role,TRIGGER,f
public,message_pins,postgres,service_role,TRUNCATE,f
public,message_pins,postgres,service_role,UPDATE,f
public,message_pins,postgres,synaura_app,DELETE,f
public,message_pins,postgres,synaura_app,INSERT,f
public,message_pins,postgres,synaura_app,SELECT,f
public,message_pins,postgres,synaura_app,UPDATE,f
public,message_reactions,postgres,anon,DELETE,f
public,message_reactions,postgres,anon,INSERT,f
public,message_reactions,postgres,anon,MAINTAIN,f
public,message_reactions,postgres,anon,REFERENCES,f
public,message_reactions,postgres,anon,SELECT,f
public,message_reactions,postgres,anon,TRIGGER,f
public,message_reactions,postgres,anon,TRUNCATE,f
public,message_reactions,postgres,anon,UPDATE,f
public,message_reactions,postgres,authenticated,DELETE,f
public,message_reactions,postgres,authenticated,INSERT,f
public,message_reactions,postgres,authenticated,MAINTAIN,f
public,message_reactions,postgres,authenticated,REFERENCES,f
public,message_reactions,postgres,authenticated,SELECT,f
public,message_reactions,postgres,authenticated,TRIGGER,f
public,message_reactions,postgres,authenticated,TRUNCATE,f
public,message_reactions,postgres,authenticated,UPDATE,f
public,message_reactions,postgres,postgres,DELETE,f
public,message_reactions,postgres,postgres,INSERT,f
public,message_reactions,postgres,postgres,MAINTAIN,f
public,message_reactions,postgres,postgres,REFERENCES,f
public,message_reactions,postgres,postgres,SELECT,f
public,message_reactions,postgres,postgres,TRIGGER,f
public,message_reactions,postgres,postgres,TRUNCATE,f
public,message_reactions,postgres,postgres,UPDATE,f
public,message_reactions,postgres,service_role,DELETE,f
public,message_reactions,postgres,service_role,INSERT,f
public,message_reactions,postgres,service_role,MAINTAIN,f
public,message_reactions,postgres,service_role,REFERENCES,f
public,message_reactions,postgres,service_role,SELECT,f
public,message_reactions,postgres,service_role,TRIGGER,f
public,message_reactions,postgres,service_role,TRUNCATE,f
public,message_reactions,postgres,service_role,UPDATE,f
public,message_reactions,postgres,synaura_app,DELETE,f
public,message_reactions,postgres,synaura_app,INSERT,f
public,message_reactions,postgres,synaura_app,SELECT,f
public,message_reactions,postgres,synaura_app,UPDATE,f
public,message_requests,postgres,anon,DELETE,f
public,message_requests,postgres,anon,INSERT,f
public,message_requests,postgres,anon,MAINTAIN,f
public,message_requests,postgres,anon,REFERENCES,f
public,message_requests,postgres,anon,SELECT,f
public,message_requests,postgres,anon,TRIGGER,f
public,message_requests,postgres,anon,TRUNCATE,f
public,message_requests,postgres,anon,UPDATE,f
public,message_requests,postgres,authenticated,DELETE,f
public,message_requests,postgres,authenticated,INSERT,f
public,message_requests,postgres,authenticated,MAINTAIN,f
public,message_requests,postgres,authenticated,REFERENCES,f
public,message_requests,postgres,authenticated,SELECT,f
public,message_requests,postgres,authenticated,TRIGGER,f
public,message_requests,postgres,authenticated,TRUNCATE,f
public,message_requests,postgres,authenticated,UPDATE,f
public,message_requests,postgres,postgres,DELETE,f
public,message_requests,postgres,postgres,INSERT,f
public,message_requests,postgres,postgres,MAINTAIN,f
public,message_requests,postgres,postgres,REFERENCES,f
public,message_requests,postgres,postgres,SELECT,f
public,message_requests,postgres,postgres,TRIGGER,f
public,message_requests,postgres,postgres,TRUNCATE,f
public,message_requests,postgres,postgres,UPDATE,f
public,message_requests,postgres,service_role,DELETE,f
public,message_requests,postgres,service_role,INSERT,f
public,message_requests,postgres,service_role,MAINTAIN,f
public,message_requests,postgres,service_role,REFERENCES,f
public,message_requests,postgres,service_role,SELECT,f
public,message_requests,postgres,service_role,TRIGGER,f
public,message_requests,postgres,service_role,TRUNCATE,f
public,message_requests,postgres,service_role,UPDATE,f
public,message_requests,postgres,synaura_app,DELETE,f
public,message_requests,postgres,synaura_app,INSERT,f
public,message_requests,postgres,synaura_app,SELECT,f
public,message_requests,postgres,synaura_app,UPDATE,f
public,messages,postgres,anon,DELETE,f
public,messages,postgres,anon,INSERT,f
public,messages,postgres,anon,MAINTAIN,f
public,messages,postgres,anon,REFERENCES,f
public,messages,postgres,anon,SELECT,f
public,messages,postgres,anon,TRIGGER,f
public,messages,postgres,anon,TRUNCATE,f
public,messages,postgres,anon,UPDATE,f
public,messages,postgres,authenticated,DELETE,f
public,messages,postgres,authenticated,INSERT,f
public,messages,postgres,authenticated,MAINTAIN,f
public,messages,postgres,authenticated,REFERENCES,f
public,messages,postgres,authenticated,SELECT,f
public,messages,postgres,authenticated,TRIGGER,f
public,messages,postgres,authenticated,TRUNCATE,f
public,messages,postgres,authenticated,UPDATE,f
public,messages,postgres,postgres,DELETE,f
public,messages,postgres,postgres,INSERT,f
public,messages,postgres,postgres,MAINTAIN,f
public,messages,postgres,postgres,REFERENCES,f
public,messages,postgres,postgres,SELECT,f
public,messages,postgres,postgres,TRIGGER,f
public,messages,postgres,postgres,TRUNCATE,f
public,messages,postgres,postgres,UPDATE,f
public,messages,postgres,service_role,DELETE,f
public,messages,postgres,service_role,INSERT,f
public,messages,postgres,service_role,MAINTAIN,f
public,messages,postgres,service_role,REFERENCES,f
public,messages,postgres,service_role,SELECT,f
public,messages,postgres,service_role,TRIGGER,f
public,messages,postgres,service_role,TRUNCATE,f
public,messages,postgres,service_role,UPDATE,f
public,messages,postgres,synaura_app,DELETE,f
public,messages,postgres,synaura_app,INSERT,f
public,messages,postgres,synaura_app,SELECT,f
public,messages,postgres,synaura_app,UPDATE,f
public,meteo_alerts,postgres,anon,DELETE,f
public,meteo_alerts,postgres,anon,INSERT,f
public,meteo_alerts,postgres,anon,MAINTAIN,f
public,meteo_alerts,postgres,anon,REFERENCES,f
public,meteo_alerts,postgres,anon,SELECT,f
public,meteo_alerts,postgres,anon,TRIGGER,f
public,meteo_alerts,postgres,anon,TRUNCATE,f
public,meteo_alerts,postgres,anon,UPDATE,f
public,meteo_alerts,postgres,authenticated,DELETE,f
public,meteo_alerts,postgres,authenticated,INSERT,f
public,meteo_alerts,postgres,authenticated,MAINTAIN,f
public,meteo_alerts,postgres,authenticated,REFERENCES,f
public,meteo_alerts,postgres,authenticated,SELECT,f
public,meteo_alerts,postgres,authenticated,TRIGGER,f
public,meteo_alerts,postgres,authenticated,TRUNCATE,f
public,meteo_alerts,postgres,authenticated,UPDATE,f
public,meteo_alerts,postgres,postgres,DELETE,f
public,meteo_alerts,postgres,postgres,INSERT,f
public,meteo_alerts,postgres,postgres,MAINTAIN,f
public,meteo_alerts,postgres,postgres,REFERENCES,f
public,meteo_alerts,postgres,postgres,SELECT,f
public,meteo_alerts,postgres,postgres,TRIGGER,f
public,meteo_alerts,postgres,postgres,TRUNCATE,f
public,meteo_alerts,postgres,postgres,UPDATE,f
public,meteo_alerts,postgres,service_role,DELETE,f
public,meteo_alerts,postgres,service_role,INSERT,f
public,meteo_alerts,postgres,service_role,MAINTAIN,f
public,meteo_alerts,postgres,service_role,REFERENCES,f
public,meteo_alerts,postgres,service_role,SELECT,f
public,meteo_alerts,postgres,service_role,TRIGGER,f
public,meteo_alerts,postgres,service_role,TRUNCATE,f
public,meteo_alerts,postgres,service_role,UPDATE,f
public,meteo_alerts,postgres,synaura_app,DELETE,f
public,meteo_alerts,postgres,synaura_app,INSERT,f
public,meteo_alerts,postgres,synaura_app,SELECT,f
public,meteo_alerts,postgres,synaura_app,UPDATE,f
public,meteo_bulletins,postgres,anon,DELETE,f
public,meteo_bulletins,postgres,anon,INSERT,f
public,meteo_bulletins,postgres,anon,MAINTAIN,f
public,meteo_bulletins,postgres,anon,REFERENCES,f
public,meteo_bulletins,postgres,anon,SELECT,f
public,meteo_bulletins,postgres,anon,TRIGGER,f
public,meteo_bulletins,postgres,anon,TRUNCATE,f
public,meteo_bulletins,postgres,anon,UPDATE,f
public,meteo_bulletins,postgres,authenticated,DELETE,f
public,meteo_bulletins,postgres,authenticated,INSERT,f
public,meteo_bulletins,postgres,authenticated,MAINTAIN,f
public,meteo_bulletins,postgres,authenticated,REFERENCES,f
public,meteo_bulletins,postgres,authenticated,SELECT,f
public,meteo_bulletins,postgres,authenticated,TRIGGER,f
public,meteo_bulletins,postgres,authenticated,TRUNCATE,f
public,meteo_bulletins,postgres,authenticated,UPDATE,f
public,meteo_bulletins,postgres,postgres,DELETE,f
public,meteo_bulletins,postgres,postgres,INSERT,f
public,meteo_bulletins,postgres,postgres,MAINTAIN,f
public,meteo_bulletins,postgres,postgres,REFERENCES,f
public,meteo_bulletins,postgres,postgres,SELECT,f
public,meteo_bulletins,postgres,postgres,TRIGGER,f
public,meteo_bulletins,postgres,postgres,TRUNCATE,f
public,meteo_bulletins,postgres,postgres,UPDATE,f
public,meteo_bulletins,postgres,service_role,DELETE,f
public,meteo_bulletins,postgres,service_role,INSERT,f
public,meteo_bulletins,postgres,service_role,MAINTAIN,f
public,meteo_bulletins,postgres,service_role,REFERENCES,f
public,meteo_bulletins,postgres,service_role,SELECT,f
public,meteo_bulletins,postgres,service_role,TRIGGER,f
public,meteo_bulletins,postgres,service_role,TRUNCATE,f
public,meteo_bulletins,postgres,service_role,UPDATE,f
public,meteo_bulletins,postgres,synaura_app,DELETE,f
public,meteo_bulletins,postgres,synaura_app,INSERT,f
public,meteo_bulletins,postgres,synaura_app,SELECT,f
public,meteo_bulletins,postgres,synaura_app,UPDATE,f
public,meteo_comments,postgres,anon,DELETE,f
public,meteo_comments,postgres,anon,INSERT,f
public,meteo_comments,postgres,anon,MAINTAIN,f
public,meteo_comments,postgres,anon,REFERENCES,f
public,meteo_comments,postgres,anon,SELECT,f
public,meteo_comments,postgres,anon,TRIGGER,f
public,meteo_comments,postgres,anon,TRUNCATE,f
public,meteo_comments,postgres,anon,UPDATE,f
public,meteo_comments,postgres,authenticated,DELETE,f
public,meteo_comments,postgres,authenticated,INSERT,f
public,meteo_comments,postgres,authenticated,MAINTAIN,f
public,meteo_comments,postgres,authenticated,REFERENCES,f
public,meteo_comments,postgres,authenticated,SELECT,f
public,meteo_comments,postgres,authenticated,TRIGGER,f
public,meteo_comments,postgres,authenticated,TRUNCATE,f
public,meteo_comments,postgres,authenticated,UPDATE,f
public,meteo_comments,postgres,postgres,DELETE,f
public,meteo_comments,postgres,postgres,INSERT,f
public,meteo_comments,postgres,postgres,MAINTAIN,f
public,meteo_comments,postgres,postgres,REFERENCES,f
public,meteo_comments,postgres,postgres,SELECT,f
public,meteo_comments,postgres,postgres,TRIGGER,f
public,meteo_comments,postgres,postgres,TRUNCATE,f
public,meteo_comments,postgres,postgres,UPDATE,f
public,meteo_comments,postgres,service_role,DELETE,f
public,meteo_comments,postgres,service_role,INSERT,f
public,meteo_comments,postgres,service_role,MAINTAIN,f
public,meteo_comments,postgres,service_role,REFERENCES,f
public,meteo_comments,postgres,service_role,SELECT,f
public,meteo_comments,postgres,service_role,TRIGGER,f
public,meteo_comments,postgres,service_role,TRUNCATE,f
public,meteo_comments,postgres,service_role,UPDATE,f
public,meteo_comments,postgres,synaura_app,DELETE,f
public,meteo_comments,postgres,synaura_app,INSERT,f
public,meteo_comments,postgres,synaura_app,SELECT,f
public,meteo_comments,postgres,synaura_app,UPDATE,f
public,meteo_reactions,postgres,anon,DELETE,f
public,meteo_reactions,postgres,anon,INSERT,f
public,meteo_reactions,postgres,anon,MAINTAIN,f
public,meteo_reactions,postgres,anon,REFERENCES,f
public,meteo_reactions,postgres,anon,SELECT,f
public,meteo_reactions,postgres,anon,TRIGGER,f
public,meteo_reactions,postgres,anon,TRUNCATE,f
public,meteo_reactions,postgres,anon,UPDATE,f
public,meteo_reactions,postgres,authenticated,DELETE,f
public,meteo_reactions,postgres,authenticated,INSERT,f
public,meteo_reactions,postgres,authenticated,MAINTAIN,f
public,meteo_reactions,postgres,authenticated,REFERENCES,f
public,meteo_reactions,postgres,authenticated,SELECT,f
public,meteo_reactions,postgres,authenticated,TRIGGER,f
public,meteo_reactions,postgres,authenticated,TRUNCATE,f
public,meteo_reactions,postgres,authenticated,UPDATE,f
public,meteo_reactions,postgres,postgres,DELETE,f
public,meteo_reactions,postgres,postgres,INSERT,f
public,meteo_reactions,postgres,postgres,MAINTAIN,f
public,meteo_reactions,postgres,postgres,REFERENCES,f
public,meteo_reactions,postgres,postgres,SELECT,f
public,meteo_reactions,postgres,postgres,TRIGGER,f
public,meteo_reactions,postgres,postgres,TRUNCATE,f
public,meteo_reactions,postgres,postgres,UPDATE,f
public,meteo_reactions,postgres,service_role,DELETE,f
public,meteo_reactions,postgres,service_role,INSERT,f
public,meteo_reactions,postgres,service_role,MAINTAIN,f
public,meteo_reactions,postgres,service_role,REFERENCES,f
public,meteo_reactions,postgres,service_role,SELECT,f
public,meteo_reactions,postgres,service_role,TRIGGER,f
public,meteo_reactions,postgres,service_role,TRUNCATE,f
public,meteo_reactions,postgres,service_role,UPDATE,f
public,meteo_reactions,postgres,synaura_app,DELETE,f
public,meteo_reactions,postgres,synaura_app,INSERT,f
public,meteo_reactions,postgres,synaura_app,SELECT,f
public,meteo_reactions,postgres,synaura_app,UPDATE,f
public,meteo_settings,postgres,anon,DELETE,f
public,meteo_settings,postgres,anon,INSERT,f
public,meteo_settings,postgres,anon,MAINTAIN,f
public,meteo_settings,postgres,anon,REFERENCES,f
public,meteo_settings,postgres,anon,SELECT,f
public,meteo_settings,postgres,anon,TRIGGER,f
public,meteo_settings,postgres,anon,TRUNCATE,f
public,meteo_settings,postgres,anon,UPDATE,f
public,meteo_settings,postgres,authenticated,DELETE,f
public,meteo_settings,postgres,authenticated,INSERT,f
public,meteo_settings,postgres,authenticated,MAINTAIN,f
public,meteo_settings,postgres,authenticated,REFERENCES,f
public,meteo_settings,postgres,authenticated,SELECT,f
public,meteo_settings,postgres,authenticated,TRIGGER,f
public,meteo_settings,postgres,authenticated,TRUNCATE,f
public,meteo_settings,postgres,authenticated,UPDATE,f
public,meteo_settings,postgres,postgres,DELETE,f
public,meteo_settings,postgres,postgres,INSERT,f
public,meteo_settings,postgres,postgres,MAINTAIN,f
public,meteo_settings,postgres,postgres,REFERENCES,f
public,meteo_settings,postgres,postgres,SELECT,f
public,meteo_settings,postgres,postgres,TRIGGER,f
public,meteo_settings,postgres,postgres,TRUNCATE,f
public,meteo_settings,postgres,postgres,UPDATE,f
public,meteo_settings,postgres,service_role,DELETE,f
public,meteo_settings,postgres,service_role,INSERT,f
public,meteo_settings,postgres,service_role,MAINTAIN,f
public,meteo_settings,postgres,service_role,REFERENCES,f
public,meteo_settings,postgres,service_role,SELECT,f
public,meteo_settings,postgres,service_role,TRIGGER,f
public,meteo_settings,postgres,service_role,TRUNCATE,f
public,meteo_settings,postgres,service_role,UPDATE,f
public,meteo_settings,postgres,synaura_app,DELETE,f
public,meteo_settings,postgres,synaura_app,INSERT,f
public,meteo_settings,postgres,synaura_app,SELECT,f
public,meteo_settings,postgres,synaura_app,UPDATE,f
public,meteo_team_members,postgres,anon,DELETE,f
public,meteo_team_members,postgres,anon,INSERT,f
public,meteo_team_members,postgres,anon,MAINTAIN,f
public,meteo_team_members,postgres,anon,REFERENCES,f
public,meteo_team_members,postgres,anon,SELECT,f
public,meteo_team_members,postgres,anon,TRIGGER,f
public,meteo_team_members,postgres,anon,TRUNCATE,f
public,meteo_team_members,postgres,anon,UPDATE,f
public,meteo_team_members,postgres,authenticated,DELETE,f
public,meteo_team_members,postgres,authenticated,INSERT,f
public,meteo_team_members,postgres,authenticated,MAINTAIN,f
public,meteo_team_members,postgres,authenticated,REFERENCES,f
public,meteo_team_members,postgres,authenticated,SELECT,f
public,meteo_team_members,postgres,authenticated,TRIGGER,f
public,meteo_team_members,postgres,authenticated,TRUNCATE,f
public,meteo_team_members,postgres,authenticated,UPDATE,f
public,meteo_team_members,postgres,postgres,DELETE,f
public,meteo_team_members,postgres,postgres,INSERT,f
public,meteo_team_members,postgres,postgres,MAINTAIN,f
public,meteo_team_members,postgres,postgres,REFERENCES,f
public,meteo_team_members,postgres,postgres,SELECT,f
public,meteo_team_members,postgres,postgres,TRIGGER,f
public,meteo_team_members,postgres,postgres,TRUNCATE,f
public,meteo_team_members,postgres,postgres,UPDATE,f
public,meteo_team_members,postgres,service_role,DELETE,f
public,meteo_team_members,postgres,service_role,INSERT,f
public,meteo_team_members,postgres,service_role,MAINTAIN,f
public,meteo_team_members,postgres,service_role,REFERENCES,f
public,meteo_team_members,postgres,service_role,SELECT,f
public,meteo_team_members,postgres,service_role,TRIGGER,f
public,meteo_team_members,postgres,service_role,TRUNCATE,f
public,meteo_team_members,postgres,service_role,UPDATE,f
public,meteo_team_members,postgres,synaura_app,DELETE,f
public,meteo_team_members,postgres,synaura_app,INSERT,f
public,meteo_team_members,postgres,synaura_app,SELECT,f
public,meteo_team_members,postgres,synaura_app,UPDATE,f
public,meteo_views,postgres,anon,DELETE,f
public,meteo_views,postgres,anon,INSERT,f
public,meteo_views,postgres,anon,MAINTAIN,f
public,meteo_views,postgres,anon,REFERENCES,f
public,meteo_views,postgres,anon,SELECT,f
public,meteo_views,postgres,anon,TRIGGER,f
public,meteo_views,postgres,anon,TRUNCATE,f
public,meteo_views,postgres,anon,UPDATE,f
public,meteo_views,postgres,authenticated,DELETE,f
public,meteo_views,postgres,authenticated,INSERT,f
public,meteo_views,postgres,authenticated,MAINTAIN,f
public,meteo_views,postgres,authenticated,REFERENCES,f
public,meteo_views,postgres,authenticated,SELECT,f
public,meteo_views,postgres,authenticated,TRIGGER,f
public,meteo_views,postgres,authenticated,TRUNCATE,f
public,meteo_views,postgres,authenticated,UPDATE,f
public,meteo_views,postgres,postgres,DELETE,f
public,meteo_views,postgres,postgres,INSERT,f
public,meteo_views,postgres,postgres,MAINTAIN,f
public,meteo_views,postgres,postgres,REFERENCES,f
public,meteo_views,postgres,postgres,SELECT,f
public,meteo_views,postgres,postgres,TRIGGER,f
public,meteo_views,postgres,postgres,TRUNCATE,f
public,meteo_views,postgres,postgres,UPDATE,f
public,meteo_views,postgres,service_role,DELETE,f
public,meteo_views,postgres,service_role,INSERT,f
public,meteo_views,postgres,service_role,MAINTAIN,f
public,meteo_views,postgres,service_role,REFERENCES,f
public,meteo_views,postgres,service_role,SELECT,f
public,meteo_views,postgres,service_role,TRIGGER,f
public,meteo_views,postgres,service_role,TRUNCATE,f
public,meteo_views,postgres,service_role,UPDATE,f
public,meteo_views,postgres,synaura_app,DELETE,f
public,meteo_views,postgres,synaura_app,INSERT,f
public,meteo_views,postgres,synaura_app,SELECT,f
public,meteo_views,postgres,synaura_app,UPDATE,f
public,missions,postgres,anon,DELETE,f
public,missions,postgres,anon,INSERT,f
public,missions,postgres,anon,MAINTAIN,f
public,missions,postgres,anon,REFERENCES,f
public,missions,postgres,anon,SELECT,f
public,missions,postgres,anon,TRIGGER,f
public,missions,postgres,anon,TRUNCATE,f
public,missions,postgres,anon,UPDATE,f
public,missions,postgres,authenticated,DELETE,f
public,missions,postgres,authenticated,INSERT,f
public,missions,postgres,authenticated,MAINTAIN,f
public,missions,postgres,authenticated,REFERENCES,f
public,missions,postgres,authenticated,SELECT,f
public,missions,postgres,authenticated,TRIGGER,f
public,missions,postgres,authenticated,TRUNCATE,f
public,missions,postgres,authenticated,UPDATE,f
public,missions,postgres,postgres,DELETE,f
public,missions,postgres,postgres,INSERT,f
public,missions,postgres,postgres,MAINTAIN,f
public,missions,postgres,postgres,REFERENCES,f
public,missions,postgres,postgres,SELECT,f
public,missions,postgres,postgres,TRIGGER,f
public,missions,postgres,postgres,TRUNCATE,f
public,missions,postgres,postgres,UPDATE,f
public,missions,postgres,service_role,DELETE,f
public,missions,postgres,service_role,INSERT,f
public,missions,postgres,service_role,MAINTAIN,f
public,missions,postgres,service_role,REFERENCES,f
public,missions,postgres,service_role,SELECT,f
public,missions,postgres,service_role,TRIGGER,f
public,missions,postgres,service_role,TRUNCATE,f
public,missions,postgres,service_role,UPDATE,f
public,missions,postgres,synaura_app,DELETE,f
public,missions,postgres,synaura_app,INSERT,f
public,missions,postgres,synaura_app,SELECT,f
public,missions,postgres,synaura_app,UPDATE,f
public,music_challenges,postgres,anon,DELETE,f
public,music_challenges,postgres,anon,INSERT,f
public,music_challenges,postgres,anon,MAINTAIN,f
public,music_challenges,postgres,anon,REFERENCES,f
public,music_challenges,postgres,anon,SELECT,f
public,music_challenges,postgres,anon,TRIGGER,f
public,music_challenges,postgres,anon,TRUNCATE,f
public,music_challenges,postgres,anon,UPDATE,f
public,music_challenges,postgres,authenticated,DELETE,f
public,music_challenges,postgres,authenticated,INSERT,f
public,music_challenges,postgres,authenticated,MAINTAIN,f
public,music_challenges,postgres,authenticated,REFERENCES,f
public,music_challenges,postgres,authenticated,SELECT,f
public,music_challenges,postgres,authenticated,TRIGGER,f
public,music_challenges,postgres,authenticated,TRUNCATE,f
public,music_challenges,postgres,authenticated,UPDATE,f
public,music_challenges,postgres,postgres,DELETE,f
public,music_challenges,postgres,postgres,INSERT,f
public,music_challenges,postgres,postgres,MAINTAIN,f
public,music_challenges,postgres,postgres,REFERENCES,f
public,music_challenges,postgres,postgres,SELECT,f
public,music_challenges,postgres,postgres,TRIGGER,f
public,music_challenges,postgres,postgres,TRUNCATE,f
public,music_challenges,postgres,postgres,UPDATE,f
public,music_challenges,postgres,service_role,DELETE,f
public,music_challenges,postgres,service_role,INSERT,f
public,music_challenges,postgres,service_role,MAINTAIN,f
public,music_challenges,postgres,service_role,REFERENCES,f
public,music_challenges,postgres,service_role,SELECT,f
public,music_challenges,postgres,service_role,TRIGGER,f
public,music_challenges,postgres,service_role,TRUNCATE,f
public,music_challenges,postgres,service_role,UPDATE,f
public,music_challenges,postgres,synaura_app,DELETE,f
public,music_challenges,postgres,synaura_app,INSERT,f
public,music_challenges,postgres,synaura_app,SELECT,f
public,music_challenges,postgres,synaura_app,UPDATE,f
public,music_clips,postgres,anon,DELETE,f
public,music_clips,postgres,anon,INSERT,f
public,music_clips,postgres,anon,MAINTAIN,f
public,music_clips,postgres,anon,REFERENCES,f
public,music_clips,postgres,anon,SELECT,f
public,music_clips,postgres,anon,TRIGGER,f
public,music_clips,postgres,anon,TRUNCATE,f
public,music_clips,postgres,anon,UPDATE,f
public,music_clips,postgres,authenticated,DELETE,f
public,music_clips,postgres,authenticated,INSERT,f
public,music_clips,postgres,authenticated,MAINTAIN,f
public,music_clips,postgres,authenticated,REFERENCES,f
public,music_clips,postgres,authenticated,SELECT,f
public,music_clips,postgres,authenticated,TRIGGER,f
public,music_clips,postgres,authenticated,TRUNCATE,f
public,music_clips,postgres,authenticated,UPDATE,f
public,music_clips,postgres,postgres,DELETE,f
public,music_clips,postgres,postgres,INSERT,f
public,music_clips,postgres,postgres,MAINTAIN,f
public,music_clips,postgres,postgres,REFERENCES,f
public,music_clips,postgres,postgres,SELECT,f
public,music_clips,postgres,postgres,TRIGGER,f
public,music_clips,postgres,postgres,TRUNCATE,f
public,music_clips,postgres,postgres,UPDATE,f
public,music_clips,postgres,service_role,DELETE,f
public,music_clips,postgres,service_role,INSERT,f
public,music_clips,postgres,service_role,MAINTAIN,f
public,music_clips,postgres,service_role,REFERENCES,f
public,music_clips,postgres,service_role,SELECT,f
public,music_clips,postgres,service_role,TRIGGER,f
public,music_clips,postgres,service_role,TRUNCATE,f
public,music_clips,postgres,service_role,UPDATE,f
public,music_clips,postgres,synaura_app,DELETE,f
public,music_clips,postgres,synaura_app,INSERT,f
public,music_clips,postgres,synaura_app,SELECT,f
public,music_clips,postgres,synaura_app,UPDATE,f
public,notification_preferences,postgres,anon,DELETE,f
public,notification_preferences,postgres,anon,INSERT,f
public,notification_preferences,postgres,anon,MAINTAIN,f
public,notification_preferences,postgres,anon,REFERENCES,f
public,notification_preferences,postgres,anon,SELECT,f
public,notification_preferences,postgres,anon,TRIGGER,f
public,notification_preferences,postgres,anon,TRUNCATE,f
public,notification_preferences,postgres,anon,UPDATE,f
public,notification_preferences,postgres,authenticated,DELETE,f
public,notification_preferences,postgres,authenticated,INSERT,f
public,notification_preferences,postgres,authenticated,MAINTAIN,f
public,notification_preferences,postgres,authenticated,REFERENCES,f
public,notification_preferences,postgres,authenticated,SELECT,f
public,notification_preferences,postgres,authenticated,TRIGGER,f
public,notification_preferences,postgres,authenticated,TRUNCATE,f
public,notification_preferences,postgres,authenticated,UPDATE,f
public,notification_preferences,postgres,postgres,DELETE,f
public,notification_preferences,postgres,postgres,INSERT,f
public,notification_preferences,postgres,postgres,MAINTAIN,f
public,notification_preferences,postgres,postgres,REFERENCES,f
public,notification_preferences,postgres,postgres,SELECT,f
public,notification_preferences,postgres,postgres,TRIGGER,f
public,notification_preferences,postgres,postgres,TRUNCATE,f
public,notification_preferences,postgres,postgres,UPDATE,f
public,notification_preferences,postgres,service_role,DELETE,f
public,notification_preferences,postgres,service_role,INSERT,f
public,notification_preferences,postgres,service_role,MAINTAIN,f
public,notification_preferences,postgres,service_role,REFERENCES,f
public,notification_preferences,postgres,service_role,SELECT,f
public,notification_preferences,postgres,service_role,TRIGGER,f
public,notification_preferences,postgres,service_role,TRUNCATE,f
public,notification_preferences,postgres,service_role,UPDATE,f
public,notification_preferences,postgres,synaura_app,DELETE,f
public,notification_preferences,postgres,synaura_app,INSERT,f
public,notification_preferences,postgres,synaura_app,SELECT,f
public,notification_preferences,postgres,synaura_app,UPDATE,f
public,notifications,postgres,anon,DELETE,f
public,notifications,postgres,anon,INSERT,f
public,notifications,postgres,anon,MAINTAIN,f
public,notifications,postgres,anon,REFERENCES,f
public,notifications,postgres,anon,SELECT,f
public,notifications,postgres,anon,TRIGGER,f
public,notifications,postgres,anon,TRUNCATE,f
public,notifications,postgres,anon,UPDATE,f
public,notifications,postgres,authenticated,DELETE,f
public,notifications,postgres,authenticated,INSERT,f
public,notifications,postgres,authenticated,MAINTAIN,f
public,notifications,postgres,authenticated,REFERENCES,f
public,notifications,postgres,authenticated,SELECT,f
public,notifications,postgres,authenticated,TRIGGER,f
public,notifications,postgres,authenticated,TRUNCATE,f
public,notifications,postgres,authenticated,UPDATE,f
public,notifications,postgres,postgres,DELETE,f
public,notifications,postgres,postgres,INSERT,f
public,notifications,postgres,postgres,MAINTAIN,f
public,notifications,postgres,postgres,REFERENCES,f
public,notifications,postgres,postgres,SELECT,f
public,notifications,postgres,postgres,TRIGGER,f
public,notifications,postgres,postgres,TRUNCATE,f
public,notifications,postgres,postgres,UPDATE,f
public,notifications,postgres,service_role,DELETE,f
public,notifications,postgres,service_role,INSERT,f
public,notifications,postgres,service_role,MAINTAIN,f
public,notifications,postgres,service_role,REFERENCES,f
public,notifications,postgres,service_role,SELECT,f
public,notifications,postgres,service_role,TRIGGER,f
public,notifications,postgres,service_role,TRUNCATE,f
public,notifications,postgres,service_role,UPDATE,f
public,notifications,postgres,synaura_app,DELETE,f
public,notifications,postgres,synaura_app,INSERT,f
public,notifications,postgres,synaura_app,SELECT,f
public,notifications,postgres,synaura_app,UPDATE,f
public,notifications_id_seq,postgres,anon,SELECT,f
public,notifications_id_seq,postgres,anon,UPDATE,f
public,notifications_id_seq,postgres,anon,USAGE,f
public,notifications_id_seq,postgres,authenticated,SELECT,f
public,notifications_id_seq,postgres,authenticated,UPDATE,f
public,notifications_id_seq,postgres,authenticated,USAGE,f
public,notifications_id_seq,postgres,postgres,SELECT,f
public,notifications_id_seq,postgres,postgres,UPDATE,f
public,notifications_id_seq,postgres,postgres,USAGE,f
public,notifications_id_seq,postgres,service_role,SELECT,f
public,notifications_id_seq,postgres,service_role,UPDATE,f
public,notifications_id_seq,postgres,service_role,USAGE,f
public,notifications_id_seq,postgres,synaura_app,SELECT,f
public,notifications_id_seq,postgres,synaura_app,UPDATE,f
public,notifications_id_seq,postgres,synaura_app,USAGE,f
public,password_resets,postgres,anon,DELETE,f
public,password_resets,postgres,anon,INSERT,f
public,password_resets,postgres,anon,MAINTAIN,f
public,password_resets,postgres,anon,REFERENCES,f
public,password_resets,postgres,anon,SELECT,f
public,password_resets,postgres,anon,TRIGGER,f
public,password_resets,postgres,anon,TRUNCATE,f
public,password_resets,postgres,anon,UPDATE,f
public,password_resets,postgres,authenticated,DELETE,f
public,password_resets,postgres,authenticated,INSERT,f
public,password_resets,postgres,authenticated,MAINTAIN,f
public,password_resets,postgres,authenticated,REFERENCES,f
public,password_resets,postgres,authenticated,SELECT,f
public,password_resets,postgres,authenticated,TRIGGER,f
public,password_resets,postgres,authenticated,TRUNCATE,f
public,password_resets,postgres,authenticated,UPDATE,f
public,password_resets,postgres,postgres,DELETE,f
public,password_resets,postgres,postgres,INSERT,f
public,password_resets,postgres,postgres,MAINTAIN,f
public,password_resets,postgres,postgres,REFERENCES,f
public,password_resets,postgres,postgres,SELECT,f
public,password_resets,postgres,postgres,TRIGGER,f
public,password_resets,postgres,postgres,TRUNCATE,f
public,password_resets,postgres,postgres,UPDATE,f
public,password_resets,postgres,service_role,DELETE,f
public,password_resets,postgres,service_role,INSERT,f
public,password_resets,postgres,service_role,MAINTAIN,f
public,password_resets,postgres,service_role,REFERENCES,f
public,password_resets,postgres,service_role,SELECT,f
public,password_resets,postgres,service_role,TRIGGER,f
public,password_resets,postgres,service_role,TRUNCATE,f
public,password_resets,postgres,service_role,UPDATE,f
public,password_resets,postgres,synaura_app,DELETE,f
public,password_resets,postgres,synaura_app,INSERT,f
public,password_resets,postgres,synaura_app,SELECT,f
public,password_resets,postgres,synaura_app,UPDATE,f
public,payments,postgres,anon,DELETE,f
public,payments,postgres,anon,INSERT,f
public,payments,postgres,anon,MAINTAIN,f
public,payments,postgres,anon,REFERENCES,f
public,payments,postgres,anon,SELECT,f
public,payments,postgres,anon,TRIGGER,f
public,payments,postgres,anon,TRUNCATE,f
public,payments,postgres,anon,UPDATE,f
public,payments,postgres,authenticated,DELETE,f
public,payments,postgres,authenticated,INSERT,f
public,payments,postgres,authenticated,MAINTAIN,f
public,payments,postgres,authenticated,REFERENCES,f
public,payments,postgres,authenticated,SELECT,f
public,payments,postgres,authenticated,TRIGGER,f
public,payments,postgres,authenticated,TRUNCATE,f
public,payments,postgres,authenticated,UPDATE,f
public,payments,postgres,postgres,DELETE,f
public,payments,postgres,postgres,INSERT,f
public,payments,postgres,postgres,MAINTAIN,f
public,payments,postgres,postgres,REFERENCES,f
public,payments,postgres,postgres,SELECT,f
public,payments,postgres,postgres,TRIGGER,f
public,payments,postgres,postgres,TRUNCATE,f
public,payments,postgres,postgres,UPDATE,f
public,payments,postgres,service_role,DELETE,f
public,payments,postgres,service_role,INSERT,f
public,payments,postgres,service_role,MAINTAIN,f
public,payments,postgres,service_role,REFERENCES,f
public,payments,postgres,service_role,SELECT,f
public,payments,postgres,service_role,TRIGGER,f
public,payments,postgres,service_role,TRUNCATE,f
public,payments,postgres,service_role,UPDATE,f
public,payments,postgres,synaura_app,DELETE,f
public,payments,postgres,synaura_app,INSERT,f
public,payments,postgres,synaura_app,SELECT,f
public,payments,postgres,synaura_app,UPDATE,f
public,play_stats,postgres,anon,DELETE,f
public,play_stats,postgres,anon,INSERT,f
public,play_stats,postgres,anon,MAINTAIN,f
public,play_stats,postgres,anon,REFERENCES,f
public,play_stats,postgres,anon,SELECT,f
public,play_stats,postgres,anon,TRIGGER,f
public,play_stats,postgres,anon,TRUNCATE,f
public,play_stats,postgres,anon,UPDATE,f
public,play_stats,postgres,authenticated,DELETE,f
public,play_stats,postgres,authenticated,INSERT,f
public,play_stats,postgres,authenticated,MAINTAIN,f
public,play_stats,postgres,authenticated,REFERENCES,f
public,play_stats,postgres,authenticated,SELECT,f
public,play_stats,postgres,authenticated,TRIGGER,f
public,play_stats,postgres,authenticated,TRUNCATE,f
public,play_stats,postgres,authenticated,UPDATE,f
public,play_stats,postgres,postgres,DELETE,f
public,play_stats,postgres,postgres,INSERT,f
public,play_stats,postgres,postgres,MAINTAIN,f
public,play_stats,postgres,postgres,REFERENCES,f
public,play_stats,postgres,postgres,SELECT,f
public,play_stats,postgres,postgres,TRIGGER,f
public,play_stats,postgres,postgres,TRUNCATE,f
public,play_stats,postgres,postgres,UPDATE,f
public,play_stats,postgres,service_role,DELETE,f
public,play_stats,postgres,service_role,INSERT,f
public,play_stats,postgres,service_role,MAINTAIN,f
public,play_stats,postgres,service_role,REFERENCES,f
public,play_stats,postgres,service_role,SELECT,f
public,play_stats,postgres,service_role,TRIGGER,f
public,play_stats,postgres,service_role,TRUNCATE,f
public,play_stats,postgres,service_role,UPDATE,f
public,play_stats,postgres,synaura_app,DELETE,f
public,play_stats,postgres,synaura_app,INSERT,f
public,play_stats,postgres,synaura_app,SELECT,f
public,play_stats,postgres,synaura_app,UPDATE,f
public,play_stats_id_seq,postgres,anon,SELECT,f
public,play_stats_id_seq,postgres,anon,UPDATE,f
public,play_stats_id_seq,postgres,anon,USAGE,f
public,play_stats_id_seq,postgres,authenticated,SELECT,f
public,play_stats_id_seq,postgres,authenticated,UPDATE,f
public,play_stats_id_seq,postgres,authenticated,USAGE,f
public,play_stats_id_seq,postgres,postgres,SELECT,f
public,play_stats_id_seq,postgres,postgres,UPDATE,f
public,play_stats_id_seq,postgres,postgres,USAGE,f
public,play_stats_id_seq,postgres,service_role,SELECT,f
public,play_stats_id_seq,postgres,service_role,UPDATE,f
public,play_stats_id_seq,postgres,service_role,USAGE,f
public,play_stats_id_seq,postgres,synaura_app,SELECT,f
public,play_stats_id_seq,postgres,synaura_app,UPDATE,f
public,play_stats_id_seq,postgres,synaura_app,USAGE,f
public,playlist_tracks,postgres,anon,DELETE,f
public,playlist_tracks,postgres,anon,INSERT,f
public,playlist_tracks,postgres,anon,MAINTAIN,f
public,playlist_tracks,postgres,anon,REFERENCES,f
public,playlist_tracks,postgres,anon,SELECT,f
public,playlist_tracks,postgres,anon,TRIGGER,f
public,playlist_tracks,postgres,anon,TRUNCATE,f
public,playlist_tracks,postgres,anon,UPDATE,f
public,playlist_tracks,postgres,authenticated,DELETE,f
public,playlist_tracks,postgres,authenticated,INSERT,f
public,playlist_tracks,postgres,authenticated,MAINTAIN,f
public,playlist_tracks,postgres,authenticated,REFERENCES,f
public,playlist_tracks,postgres,authenticated,SELECT,f
public,playlist_tracks,postgres,authenticated,TRIGGER,f
public,playlist_tracks,postgres,authenticated,TRUNCATE,f
public,playlist_tracks,postgres,authenticated,UPDATE,f
public,playlist_tracks,postgres,postgres,DELETE,f
public,playlist_tracks,postgres,postgres,INSERT,f
public,playlist_tracks,postgres,postgres,MAINTAIN,f
public,playlist_tracks,postgres,postgres,REFERENCES,f
public,playlist_tracks,postgres,postgres,SELECT,f
public,playlist_tracks,postgres,postgres,TRIGGER,f
public,playlist_tracks,postgres,postgres,TRUNCATE,f
public,playlist_tracks,postgres,postgres,UPDATE,f
public,playlist_tracks,postgres,service_role,DELETE,f
public,playlist_tracks,postgres,service_role,INSERT,f
public,playlist_tracks,postgres,service_role,MAINTAIN,f
public,playlist_tracks,postgres,service_role,REFERENCES,f
public,playlist_tracks,postgres,service_role,SELECT,f
public,playlist_tracks,postgres,service_role,TRIGGER,f
public,playlist_tracks,postgres,service_role,TRUNCATE,f
public,playlist_tracks,postgres,service_role,UPDATE,f
public,playlist_tracks,postgres,synaura_app,DELETE,f
public,playlist_tracks,postgres,synaura_app,INSERT,f
public,playlist_tracks,postgres,synaura_app,SELECT,f
public,playlist_tracks,postgres,synaura_app,UPDATE,f
public,playlist_tracks_id_seq,postgres,anon,SELECT,f
public,playlist_tracks_id_seq,postgres,anon,UPDATE,f
public,playlist_tracks_id_seq,postgres,anon,USAGE,f
public,playlist_tracks_id_seq,postgres,authenticated,SELECT,f
public,playlist_tracks_id_seq,postgres,authenticated,UPDATE,f
public,playlist_tracks_id_seq,postgres,authenticated,USAGE,f
public,playlist_tracks_id_seq,postgres,postgres,SELECT,f
public,playlist_tracks_id_seq,postgres,postgres,UPDATE,f
public,playlist_tracks_id_seq,postgres,postgres,USAGE,f
public,playlist_tracks_id_seq,postgres,service_role,SELECT,f
public,playlist_tracks_id_seq,postgres,service_role,UPDATE,f
public,playlist_tracks_id_seq,postgres,service_role,USAGE,f
public,playlist_tracks_id_seq,postgres,synaura_app,SELECT,f
public,playlist_tracks_id_seq,postgres,synaura_app,UPDATE,f
public,playlist_tracks_id_seq,postgres,synaura_app,USAGE,f
public,playlists,postgres,anon,DELETE,f
public,playlists,postgres,anon,INSERT,f
public,playlists,postgres,anon,MAINTAIN,f
public,playlists,postgres,anon,REFERENCES,f
public,playlists,postgres,anon,SELECT,f
public,playlists,postgres,anon,TRIGGER,f
public,playlists,postgres,anon,TRUNCATE,f
public,playlists,postgres,anon,UPDATE,f
public,playlists,postgres,authenticated,DELETE,f
public,playlists,postgres,authenticated,INSERT,f
public,playlists,postgres,authenticated,MAINTAIN,f
public,playlists,postgres,authenticated,REFERENCES,f
public,playlists,postgres,authenticated,SELECT,f
public,playlists,postgres,authenticated,TRIGGER,f
public,playlists,postgres,authenticated,TRUNCATE,f
public,playlists,postgres,authenticated,UPDATE,f
public,playlists,postgres,postgres,DELETE,f
public,playlists,postgres,postgres,INSERT,f
public,playlists,postgres,postgres,MAINTAIN,f
public,playlists,postgres,postgres,REFERENCES,f
public,playlists,postgres,postgres,SELECT,f
public,playlists,postgres,postgres,TRIGGER,f
public,playlists,postgres,postgres,TRUNCATE,f
public,playlists,postgres,postgres,UPDATE,f
public,playlists,postgres,service_role,DELETE,f
public,playlists,postgres,service_role,INSERT,f
public,playlists,postgres,service_role,MAINTAIN,f
public,playlists,postgres,service_role,REFERENCES,f
public,playlists,postgres,service_role,SELECT,f
public,playlists,postgres,service_role,TRIGGER,f
public,playlists,postgres,service_role,TRUNCATE,f
public,playlists,postgres,service_role,UPDATE,f
public,playlists,postgres,synaura_app,DELETE,f
public,playlists,postgres,synaura_app,INSERT,f
public,playlists,postgres,synaura_app,SELECT,f
public,playlists,postgres,synaura_app,UPDATE,f
public,post_comments,postgres,anon,DELETE,f
public,post_comments,postgres,anon,INSERT,f
public,post_comments,postgres,anon,MAINTAIN,f
public,post_comments,postgres,anon,REFERENCES,f
public,post_comments,postgres,anon,SELECT,f
public,post_comments,postgres,anon,TRIGGER,f
public,post_comments,postgres,anon,TRUNCATE,f
public,post_comments,postgres,anon,UPDATE,f
public,post_comments,postgres,authenticated,DELETE,f
public,post_comments,postgres,authenticated,INSERT,f
public,post_comments,postgres,authenticated,MAINTAIN,f
public,post_comments,postgres,authenticated,REFERENCES,f
public,post_comments,postgres,authenticated,SELECT,f
public,post_comments,postgres,authenticated,TRIGGER,f
public,post_comments,postgres,authenticated,TRUNCATE,f
public,post_comments,postgres,authenticated,UPDATE,f
public,post_comments,postgres,postgres,DELETE,f
public,post_comments,postgres,postgres,INSERT,f
public,post_comments,postgres,postgres,MAINTAIN,f
public,post_comments,postgres,postgres,REFERENCES,f
public,post_comments,postgres,postgres,SELECT,f
public,post_comments,postgres,postgres,TRIGGER,f
public,post_comments,postgres,postgres,TRUNCATE,f
public,post_comments,postgres,postgres,UPDATE,f
public,post_comments,postgres,service_role,DELETE,f
public,post_comments,postgres,service_role,INSERT,f
public,post_comments,postgres,service_role,MAINTAIN,f
public,post_comments,postgres,service_role,REFERENCES,f
public,post_comments,postgres,service_role,SELECT,f
public,post_comments,postgres,service_role,TRIGGER,f
public,post_comments,postgres,service_role,TRUNCATE,f
public,post_comments,postgres,service_role,UPDATE,f
public,post_comments,postgres,synaura_app,DELETE,f
public,post_comments,postgres,synaura_app,INSERT,f
public,post_comments,postgres,synaura_app,SELECT,f
public,post_comments,postgres,synaura_app,UPDATE,f
public,post_likes,postgres,anon,DELETE,f
public,post_likes,postgres,anon,INSERT,f
public,post_likes,postgres,anon,MAINTAIN,f
public,post_likes,postgres,anon,REFERENCES,f
public,post_likes,postgres,anon,SELECT,f
public,post_likes,postgres,anon,TRIGGER,f
public,post_likes,postgres,anon,TRUNCATE,f
public,post_likes,postgres,anon,UPDATE,f
public,post_likes,postgres,authenticated,DELETE,f
public,post_likes,postgres,authenticated,INSERT,f
public,post_likes,postgres,authenticated,MAINTAIN,f
public,post_likes,postgres,authenticated,REFERENCES,f
public,post_likes,postgres,authenticated,SELECT,f
public,post_likes,postgres,authenticated,TRIGGER,f
public,post_likes,postgres,authenticated,TRUNCATE,f
public,post_likes,postgres,authenticated,UPDATE,f
public,post_likes,postgres,postgres,DELETE,f
public,post_likes,postgres,postgres,INSERT,f
public,post_likes,postgres,postgres,MAINTAIN,f
public,post_likes,postgres,postgres,REFERENCES,f
public,post_likes,postgres,postgres,SELECT,f
public,post_likes,postgres,postgres,TRIGGER,f
public,post_likes,postgres,postgres,TRUNCATE,f
public,post_likes,postgres,postgres,UPDATE,f
public,post_likes,postgres,service_role,DELETE,f
public,post_likes,postgres,service_role,INSERT,f
public,post_likes,postgres,service_role,MAINTAIN,f
public,post_likes,postgres,service_role,REFERENCES,f
public,post_likes,postgres,service_role,SELECT,f
public,post_likes,postgres,service_role,TRIGGER,f
public,post_likes,postgres,service_role,TRUNCATE,f
public,post_likes,postgres,service_role,UPDATE,f
public,post_likes,postgres,synaura_app,DELETE,f
public,post_likes,postgres,synaura_app,INSERT,f
public,post_likes,postgres,synaura_app,SELECT,f
public,post_likes,postgres,synaura_app,UPDATE,f
public,profiles,postgres,anon,DELETE,f
public,profiles,postgres,anon,INSERT,f
public,profiles,postgres,anon,MAINTAIN,f
public,profiles,postgres,anon,REFERENCES,f
public,profiles,postgres,anon,SELECT,f
public,profiles,postgres,anon,TRIGGER,f
public,profiles,postgres,anon,TRUNCATE,f
public,profiles,postgres,anon,UPDATE,f
public,profiles,postgres,authenticated,DELETE,f
public,profiles,postgres,authenticated,INSERT,f
public,profiles,postgres,authenticated,MAINTAIN,f
public,profiles,postgres,authenticated,REFERENCES,f
public,profiles,postgres,authenticated,SELECT,f
public,profiles,postgres,authenticated,TRIGGER,f
public,profiles,postgres,authenticated,TRUNCATE,f
public,profiles,postgres,authenticated,UPDATE,f
public,profiles,postgres,postgres,DELETE,f
public,profiles,postgres,postgres,INSERT,f
public,profiles,postgres,postgres,MAINTAIN,f
public,profiles,postgres,postgres,REFERENCES,f
public,profiles,postgres,postgres,SELECT,f
public,profiles,postgres,postgres,TRIGGER,f
public,profiles,postgres,postgres,TRUNCATE,f
public,profiles,postgres,postgres,UPDATE,f
public,profiles,postgres,service_role,DELETE,f
public,profiles,postgres,service_role,INSERT,f
public,profiles,postgres,service_role,MAINTAIN,f
public,profiles,postgres,service_role,REFERENCES,f
public,profiles,postgres,service_role,SELECT,f
public,profiles,postgres,service_role,TRIGGER,f
public,profiles,postgres,service_role,TRUNCATE,f
public,profiles,postgres,service_role,UPDATE,f
public,profiles,postgres,synaura_app,DELETE,f
public,profiles,postgres,synaura_app,INSERT,f
public,profiles,postgres,synaura_app,SELECT,f
public,profiles,postgres,synaura_app,UPDATE,f
public,push_subscriptions,postgres,anon,DELETE,f
public,push_subscriptions,postgres,anon,INSERT,f
public,push_subscriptions,postgres,anon,MAINTAIN,f
public,push_subscriptions,postgres,anon,REFERENCES,f
public,push_subscriptions,postgres,anon,SELECT,f
public,push_subscriptions,postgres,anon,TRIGGER,f
public,push_subscriptions,postgres,anon,TRUNCATE,f
public,push_subscriptions,postgres,anon,UPDATE,f
public,push_subscriptions,postgres,authenticated,DELETE,f
public,push_subscriptions,postgres,authenticated,INSERT,f
public,push_subscriptions,postgres,authenticated,MAINTAIN,f
public,push_subscriptions,postgres,authenticated,REFERENCES,f
public,push_subscriptions,postgres,authenticated,SELECT,f
public,push_subscriptions,postgres,authenticated,TRIGGER,f
public,push_subscriptions,postgres,authenticated,TRUNCATE,f
public,push_subscriptions,postgres,authenticated,UPDATE,f
public,push_subscriptions,postgres,postgres,DELETE,f
public,push_subscriptions,postgres,postgres,INSERT,f
public,push_subscriptions,postgres,postgres,MAINTAIN,f
public,push_subscriptions,postgres,postgres,REFERENCES,f
public,push_subscriptions,postgres,postgres,SELECT,f
public,push_subscriptions,postgres,postgres,TRIGGER,f
public,push_subscriptions,postgres,postgres,TRUNCATE,f
public,push_subscriptions,postgres,postgres,UPDATE,f
public,push_subscriptions,postgres,service_role,DELETE,f
public,push_subscriptions,postgres,service_role,INSERT,f
public,push_subscriptions,postgres,service_role,MAINTAIN,f
public,push_subscriptions,postgres,service_role,REFERENCES,f
public,push_subscriptions,postgres,service_role,SELECT,f
public,push_subscriptions,postgres,service_role,TRIGGER,f
public,push_subscriptions,postgres,service_role,TRUNCATE,f
public,push_subscriptions,postgres,service_role,UPDATE,f
public,push_subscriptions,postgres,synaura_app,DELETE,f
public,push_subscriptions,postgres,synaura_app,INSERT,f
public,push_subscriptions,postgres,synaura_app,SELECT,f
public,push_subscriptions,postgres,synaura_app,UPDATE,f
public,recommendation_impressions,postgres,anon,DELETE,f
public,recommendation_impressions,postgres,anon,INSERT,f
public,recommendation_impressions,postgres,anon,MAINTAIN,f
public,recommendation_impressions,postgres,anon,REFERENCES,f
public,recommendation_impressions,postgres,anon,SELECT,f
public,recommendation_impressions,postgres,anon,TRIGGER,f
public,recommendation_impressions,postgres,anon,TRUNCATE,f
public,recommendation_impressions,postgres,anon,UPDATE,f
public,recommendation_impressions,postgres,authenticated,DELETE,f
public,recommendation_impressions,postgres,authenticated,INSERT,f
public,recommendation_impressions,postgres,authenticated,MAINTAIN,f
public,recommendation_impressions,postgres,authenticated,REFERENCES,f
public,recommendation_impressions,postgres,authenticated,SELECT,f
public,recommendation_impressions,postgres,authenticated,TRIGGER,f
public,recommendation_impressions,postgres,authenticated,TRUNCATE,f
public,recommendation_impressions,postgres,authenticated,UPDATE,f
public,recommendation_impressions,postgres,postgres,DELETE,f
public,recommendation_impressions,postgres,postgres,INSERT,f
public,recommendation_impressions,postgres,postgres,MAINTAIN,f
public,recommendation_impressions,postgres,postgres,REFERENCES,f
public,recommendation_impressions,postgres,postgres,SELECT,f
public,recommendation_impressions,postgres,postgres,TRIGGER,f
public,recommendation_impressions,postgres,postgres,TRUNCATE,f
public,recommendation_impressions,postgres,postgres,UPDATE,f
public,recommendation_impressions,postgres,service_role,DELETE,f
public,recommendation_impressions,postgres,service_role,INSERT,f
public,recommendation_impressions,postgres,service_role,MAINTAIN,f
public,recommendation_impressions,postgres,service_role,REFERENCES,f
public,recommendation_impressions,postgres,service_role,SELECT,f
public,recommendation_impressions,postgres,service_role,TRIGGER,f
public,recommendation_impressions,postgres,service_role,TRUNCATE,f
public,recommendation_impressions,postgres,service_role,UPDATE,f
public,recommendation_impressions,postgres,synaura_app,DELETE,f
public,recommendation_impressions,postgres,synaura_app,INSERT,f
public,recommendation_impressions,postgres,synaura_app,SELECT,f
public,recommendation_impressions,postgres,synaura_app,UPDATE,f
public,referrals,postgres,anon,DELETE,f
public,referrals,postgres,anon,INSERT,f
public,referrals,postgres,anon,MAINTAIN,f
public,referrals,postgres,anon,REFERENCES,f
public,referrals,postgres,anon,SELECT,f
public,referrals,postgres,anon,TRIGGER,f
public,referrals,postgres,anon,TRUNCATE,f
public,referrals,postgres,anon,UPDATE,f
public,referrals,postgres,authenticated,DELETE,f
public,referrals,postgres,authenticated,INSERT,f
public,referrals,postgres,authenticated,MAINTAIN,f
public,referrals,postgres,authenticated,REFERENCES,f
public,referrals,postgres,authenticated,SELECT,f
public,referrals,postgres,authenticated,TRIGGER,f
public,referrals,postgres,authenticated,TRUNCATE,f
public,referrals,postgres,authenticated,UPDATE,f
public,referrals,postgres,postgres,DELETE,f
public,referrals,postgres,postgres,INSERT,f
public,referrals,postgres,postgres,MAINTAIN,f
public,referrals,postgres,postgres,REFERENCES,f
public,referrals,postgres,postgres,SELECT,f
public,referrals,postgres,postgres,TRIGGER,f
public,referrals,postgres,postgres,TRUNCATE,f
public,referrals,postgres,postgres,UPDATE,f
public,referrals,postgres,service_role,DELETE,f
public,referrals,postgres,service_role,INSERT,f
public,referrals,postgres,service_role,MAINTAIN,f
public,referrals,postgres,service_role,REFERENCES,f
public,referrals,postgres,service_role,SELECT,f
public,referrals,postgres,service_role,TRIGGER,f
public,referrals,postgres,service_role,TRUNCATE,f
public,referrals,postgres,service_role,UPDATE,f
public,referrals,postgres,synaura_app,DELETE,f
public,referrals,postgres,synaura_app,INSERT,f
public,referrals,postgres,synaura_app,SELECT,f
public,referrals,postgres,synaura_app,UPDATE,f
public,star_academy_applications,postgres,anon,DELETE,f
public,star_academy_applications,postgres,anon,INSERT,f
public,star_academy_applications,postgres,anon,MAINTAIN,f
public,star_academy_applications,postgres,anon,REFERENCES,f
public,star_academy_applications,postgres,anon,SELECT,f
public,star_academy_applications,postgres,anon,TRIGGER,f
public,star_academy_applications,postgres,anon,TRUNCATE,f
public,star_academy_applications,postgres,anon,UPDATE,f
public,star_academy_applications,postgres,authenticated,DELETE,f
public,star_academy_applications,postgres,authenticated,INSERT,f
public,star_academy_applications,postgres,authenticated,MAINTAIN,f
public,star_academy_applications,postgres,authenticated,REFERENCES,f
public,star_academy_applications,postgres,authenticated,SELECT,f
public,star_academy_applications,postgres,authenticated,TRIGGER,f
public,star_academy_applications,postgres,authenticated,TRUNCATE,f
public,star_academy_applications,postgres,authenticated,UPDATE,f
public,star_academy_applications,postgres,postgres,DELETE,f
public,star_academy_applications,postgres,postgres,INSERT,f
public,star_academy_applications,postgres,postgres,MAINTAIN,f
public,star_academy_applications,postgres,postgres,REFERENCES,f
public,star_academy_applications,postgres,postgres,SELECT,f
public,star_academy_applications,postgres,postgres,TRIGGER,f
public,star_academy_applications,postgres,postgres,TRUNCATE,f
public,star_academy_applications,postgres,postgres,UPDATE,f
public,star_academy_applications,postgres,service_role,DELETE,f
public,star_academy_applications,postgres,service_role,INSERT,f
public,star_academy_applications,postgres,service_role,MAINTAIN,f
public,star_academy_applications,postgres,service_role,REFERENCES,f
public,star_academy_applications,postgres,service_role,SELECT,f
public,star_academy_applications,postgres,service_role,TRIGGER,f
public,star_academy_applications,postgres,service_role,TRUNCATE,f
public,star_academy_applications,postgres,service_role,UPDATE,f
public,star_academy_applications,postgres,synaura_app,DELETE,f
public,star_academy_applications,postgres,synaura_app,INSERT,f
public,star_academy_applications,postgres,synaura_app,SELECT,f
public,star_academy_applications,postgres,synaura_app,UPDATE,f
public,star_academy_config,postgres,anon,DELETE,f
public,star_academy_config,postgres,anon,INSERT,f
public,star_academy_config,postgres,anon,MAINTAIN,f
public,star_academy_config,postgres,anon,REFERENCES,f
public,star_academy_config,postgres,anon,SELECT,f
public,star_academy_config,postgres,anon,TRIGGER,f
public,star_academy_config,postgres,anon,TRUNCATE,f
public,star_academy_config,postgres,anon,UPDATE,f
public,star_academy_config,postgres,authenticated,DELETE,f
public,star_academy_config,postgres,authenticated,INSERT,f
public,star_academy_config,postgres,authenticated,MAINTAIN,f
public,star_academy_config,postgres,authenticated,REFERENCES,f
public,star_academy_config,postgres,authenticated,SELECT,f
public,star_academy_config,postgres,authenticated,TRIGGER,f
public,star_academy_config,postgres,authenticated,TRUNCATE,f
public,star_academy_config,postgres,authenticated,UPDATE,f
public,star_academy_config,postgres,postgres,DELETE,f
public,star_academy_config,postgres,postgres,INSERT,f
public,star_academy_config,postgres,postgres,MAINTAIN,f
public,star_academy_config,postgres,postgres,REFERENCES,f
public,star_academy_config,postgres,postgres,SELECT,f
public,star_academy_config,postgres,postgres,TRIGGER,f
public,star_academy_config,postgres,postgres,TRUNCATE,f
public,star_academy_config,postgres,postgres,UPDATE,f
public,star_academy_config,postgres,service_role,DELETE,f
public,star_academy_config,postgres,service_role,INSERT,f
public,star_academy_config,postgres,service_role,MAINTAIN,f
public,star_academy_config,postgres,service_role,REFERENCES,f
public,star_academy_config,postgres,service_role,SELECT,f
public,star_academy_config,postgres,service_role,TRIGGER,f
public,star_academy_config,postgres,service_role,TRUNCATE,f
public,star_academy_config,postgres,service_role,UPDATE,f
public,star_academy_config,postgres,synaura_app,DELETE,f
public,star_academy_config,postgres,synaura_app,INSERT,f
public,star_academy_config,postgres,synaura_app,SELECT,f
public,star_academy_config,postgres,synaura_app,UPDATE,f
public,star_academy_staff_applications,postgres,anon,DELETE,f
public,star_academy_staff_applications,postgres,anon,INSERT,f
public,star_academy_staff_applications,postgres,anon,MAINTAIN,f
public,star_academy_staff_applications,postgres,anon,REFERENCES,f
public,star_academy_staff_applications,postgres,anon,SELECT,f
public,star_academy_staff_applications,postgres,anon,TRIGGER,f
public,star_academy_staff_applications,postgres,anon,TRUNCATE,f
public,star_academy_staff_applications,postgres,anon,UPDATE,f
public,star_academy_staff_applications,postgres,authenticated,DELETE,f
public,star_academy_staff_applications,postgres,authenticated,INSERT,f
public,star_academy_staff_applications,postgres,authenticated,MAINTAIN,f
public,star_academy_staff_applications,postgres,authenticated,REFERENCES,f
public,star_academy_staff_applications,postgres,authenticated,SELECT,f
public,star_academy_staff_applications,postgres,authenticated,TRIGGER,f
public,star_academy_staff_applications,postgres,authenticated,TRUNCATE,f
public,star_academy_staff_applications,postgres,authenticated,UPDATE,f
public,star_academy_staff_applications,postgres,postgres,DELETE,f
public,star_academy_staff_applications,postgres,postgres,INSERT,f
public,star_academy_staff_applications,postgres,postgres,MAINTAIN,f
public,star_academy_staff_applications,postgres,postgres,REFERENCES,f
public,star_academy_staff_applications,postgres,postgres,SELECT,f
public,star_academy_staff_applications,postgres,postgres,TRIGGER,f
public,star_academy_staff_applications,postgres,postgres,TRUNCATE,f
public,star_academy_staff_applications,postgres,postgres,UPDATE,f
public,star_academy_staff_applications,postgres,service_role,DELETE,f
public,star_academy_staff_applications,postgres,service_role,INSERT,f
public,star_academy_staff_applications,postgres,service_role,MAINTAIN,f
public,star_academy_staff_applications,postgres,service_role,REFERENCES,f
public,star_academy_staff_applications,postgres,service_role,SELECT,f
public,star_academy_staff_applications,postgres,service_role,TRIGGER,f
public,star_academy_staff_applications,postgres,service_role,TRUNCATE,f
public,star_academy_staff_applications,postgres,service_role,UPDATE,f
public,star_academy_staff_applications,postgres,synaura_app,DELETE,f
public,star_academy_staff_applications,postgres,synaura_app,INSERT,f
public,star_academy_staff_applications,postgres,synaura_app,SELECT,f
public,star_academy_staff_applications,postgres,synaura_app,UPDATE,f
public,subscriptions,postgres,anon,DELETE,f
public,subscriptions,postgres,anon,INSERT,f
public,subscriptions,postgres,anon,MAINTAIN,f
public,subscriptions,postgres,anon,REFERENCES,f
public,subscriptions,postgres,anon,SELECT,f
public,subscriptions,postgres,anon,TRIGGER,f
public,subscriptions,postgres,anon,TRUNCATE,f
public,subscriptions,postgres,anon,UPDATE,f
public,subscriptions,postgres,authenticated,DELETE,f
public,subscriptions,postgres,authenticated,INSERT,f
public,subscriptions,postgres,authenticated,MAINTAIN,f
public,subscriptions,postgres,authenticated,REFERENCES,f
public,subscriptions,postgres,authenticated,SELECT,f
public,subscriptions,postgres,authenticated,TRIGGER,f
public,subscriptions,postgres,authenticated,TRUNCATE,f
public,subscriptions,postgres,authenticated,UPDATE,f
public,subscriptions,postgres,postgres,DELETE,f
public,subscriptions,postgres,postgres,INSERT,f
public,subscriptions,postgres,postgres,MAINTAIN,f
public,subscriptions,postgres,postgres,REFERENCES,f
public,subscriptions,postgres,postgres,SELECT,f
public,subscriptions,postgres,postgres,TRIGGER,f
public,subscriptions,postgres,postgres,TRUNCATE,f
public,subscriptions,postgres,postgres,UPDATE,f
public,subscriptions,postgres,service_role,DELETE,f
public,subscriptions,postgres,service_role,INSERT,f
public,subscriptions,postgres,service_role,MAINTAIN,f
public,subscriptions,postgres,service_role,REFERENCES,f
public,subscriptions,postgres,service_role,SELECT,f
public,subscriptions,postgres,service_role,TRIGGER,f
public,subscriptions,postgres,service_role,TRUNCATE,f
public,subscriptions,postgres,service_role,UPDATE,f
public,subscriptions,postgres,synaura_app,DELETE,f
public,subscriptions,postgres,synaura_app,INSERT,f
public,subscriptions,postgres,synaura_app,SELECT,f
public,subscriptions,postgres,synaura_app,UPDATE,f
public,support_tickets,postgres,anon,DELETE,f
public,support_tickets,postgres,anon,INSERT,f
public,support_tickets,postgres,anon,MAINTAIN,f
public,support_tickets,postgres,anon,REFERENCES,f
public,support_tickets,postgres,anon,SELECT,f
public,support_tickets,postgres,anon,TRIGGER,f
public,support_tickets,postgres,anon,TRUNCATE,f
public,support_tickets,postgres,anon,UPDATE,f
public,support_tickets,postgres,authenticated,DELETE,f
public,support_tickets,postgres,authenticated,INSERT,f
public,support_tickets,postgres,authenticated,MAINTAIN,f
public,support_tickets,postgres,authenticated,REFERENCES,f
public,support_tickets,postgres,authenticated,SELECT,f
public,support_tickets,postgres,authenticated,TRIGGER,f
public,support_tickets,postgres,authenticated,TRUNCATE,f
public,support_tickets,postgres,authenticated,UPDATE,f
public,support_tickets,postgres,postgres,DELETE,f
public,support_tickets,postgres,postgres,INSERT,f
public,support_tickets,postgres,postgres,MAINTAIN,f
public,support_tickets,postgres,postgres,REFERENCES,f
public,support_tickets,postgres,postgres,SELECT,f
public,support_tickets,postgres,postgres,TRIGGER,f
public,support_tickets,postgres,postgres,TRUNCATE,f
public,support_tickets,postgres,postgres,UPDATE,f
public,support_tickets,postgres,service_role,DELETE,f
public,support_tickets,postgres,service_role,INSERT,f
public,support_tickets,postgres,service_role,MAINTAIN,f
public,support_tickets,postgres,service_role,REFERENCES,f
public,support_tickets,postgres,service_role,SELECT,f
public,support_tickets,postgres,service_role,TRIGGER,f
public,support_tickets,postgres,service_role,TRUNCATE,f
public,support_tickets,postgres,service_role,UPDATE,f
public,support_tickets,postgres,synaura_app,DELETE,f
public,support_tickets,postgres,synaura_app,INSERT,f
public,support_tickets,postgres,synaura_app,SELECT,f
public,support_tickets,postgres,synaura_app,UPDATE,f
public,synaura_tv_settings,postgres,anon,DELETE,f
public,synaura_tv_settings,postgres,anon,INSERT,f
public,synaura_tv_settings,postgres,anon,MAINTAIN,f
public,synaura_tv_settings,postgres,anon,REFERENCES,f
public,synaura_tv_settings,postgres,anon,SELECT,f
public,synaura_tv_settings,postgres,anon,TRIGGER,f
public,synaura_tv_settings,postgres,anon,TRUNCATE,f
public,synaura_tv_settings,postgres,anon,UPDATE,f
public,synaura_tv_settings,postgres,authenticated,DELETE,f
public,synaura_tv_settings,postgres,authenticated,INSERT,f
public,synaura_tv_settings,postgres,authenticated,MAINTAIN,f
public,synaura_tv_settings,postgres,authenticated,REFERENCES,f
public,synaura_tv_settings,postgres,authenticated,SELECT,f
public,synaura_tv_settings,postgres,authenticated,TRIGGER,f
public,synaura_tv_settings,postgres,authenticated,TRUNCATE,f
public,synaura_tv_settings,postgres,authenticated,UPDATE,f
public,synaura_tv_settings,postgres,postgres,DELETE,f
public,synaura_tv_settings,postgres,postgres,INSERT,f
public,synaura_tv_settings,postgres,postgres,MAINTAIN,f
public,synaura_tv_settings,postgres,postgres,REFERENCES,f
public,synaura_tv_settings,postgres,postgres,SELECT,f
public,synaura_tv_settings,postgres,postgres,TRIGGER,f
public,synaura_tv_settings,postgres,postgres,TRUNCATE,f
public,synaura_tv_settings,postgres,postgres,UPDATE,f
public,synaura_tv_settings,postgres,service_role,DELETE,f
public,synaura_tv_settings,postgres,service_role,INSERT,f
public,synaura_tv_settings,postgres,service_role,MAINTAIN,f
public,synaura_tv_settings,postgres,service_role,REFERENCES,f
public,synaura_tv_settings,postgres,service_role,SELECT,f
public,synaura_tv_settings,postgres,service_role,TRIGGER,f
public,synaura_tv_settings,postgres,service_role,TRUNCATE,f
public,synaura_tv_settings,postgres,service_role,UPDATE,f
public,synaura_tv_settings,postgres,synaura_app,DELETE,f
public,synaura_tv_settings,postgres,synaura_app,INSERT,f
public,synaura_tv_settings,postgres,synaura_app,SELECT,f
public,synaura_tv_settings,postgres,synaura_app,UPDATE,f
public,track_events,postgres,anon,DELETE,f
public,track_events,postgres,anon,INSERT,f
public,track_events,postgres,anon,MAINTAIN,f
public,track_events,postgres,anon,REFERENCES,f
public,track_events,postgres,anon,SELECT,f
public,track_events,postgres,anon,TRIGGER,f
public,track_events,postgres,anon,TRUNCATE,f
public,track_events,postgres,anon,UPDATE,f
public,track_events,postgres,authenticated,DELETE,f
public,track_events,postgres,authenticated,INSERT,f
public,track_events,postgres,authenticated,MAINTAIN,f
public,track_events,postgres,authenticated,REFERENCES,f
public,track_events,postgres,authenticated,SELECT,f
public,track_events,postgres,authenticated,TRIGGER,f
public,track_events,postgres,authenticated,TRUNCATE,f
public,track_events,postgres,authenticated,UPDATE,f
public,track_events,postgres,postgres,DELETE,f
public,track_events,postgres,postgres,INSERT,f
public,track_events,postgres,postgres,MAINTAIN,f
public,track_events,postgres,postgres,REFERENCES,f
public,track_events,postgres,postgres,SELECT,f
public,track_events,postgres,postgres,TRIGGER,f
public,track_events,postgres,postgres,TRUNCATE,f
public,track_events,postgres,postgres,UPDATE,f
public,track_events,postgres,service_role,DELETE,f
public,track_events,postgres,service_role,INSERT,f
public,track_events,postgres,service_role,MAINTAIN,f
public,track_events,postgres,service_role,REFERENCES,f
public,track_events,postgres,service_role,SELECT,f
public,track_events,postgres,service_role,TRIGGER,f
public,track_events,postgres,service_role,TRUNCATE,f
public,track_events,postgres,service_role,UPDATE,f
public,track_events,postgres,synaura_app,DELETE,f
public,track_events,postgres,synaura_app,INSERT,f
public,track_events,postgres,synaura_app,SELECT,f
public,track_events,postgres,synaura_app,UPDATE,f
public,track_likes,postgres,anon,DELETE,f
public,track_likes,postgres,anon,INSERT,f
public,track_likes,postgres,anon,MAINTAIN,f
public,track_likes,postgres,anon,REFERENCES,f
public,track_likes,postgres,anon,SELECT,f
public,track_likes,postgres,anon,TRIGGER,f
public,track_likes,postgres,anon,TRUNCATE,f
public,track_likes,postgres,anon,UPDATE,f
public,track_likes,postgres,authenticated,DELETE,f
public,track_likes,postgres,authenticated,INSERT,f
public,track_likes,postgres,authenticated,MAINTAIN,f
public,track_likes,postgres,authenticated,REFERENCES,f
public,track_likes,postgres,authenticated,SELECT,f
public,track_likes,postgres,authenticated,TRIGGER,f
public,track_likes,postgres,authenticated,TRUNCATE,f
public,track_likes,postgres,authenticated,UPDATE,f
public,track_likes,postgres,postgres,DELETE,f
public,track_likes,postgres,postgres,INSERT,f
public,track_likes,postgres,postgres,MAINTAIN,f
public,track_likes,postgres,postgres,REFERENCES,f
public,track_likes,postgres,postgres,SELECT,f
public,track_likes,postgres,postgres,TRIGGER,f
public,track_likes,postgres,postgres,TRUNCATE,f
public,track_likes,postgres,postgres,UPDATE,f
public,track_likes,postgres,service_role,DELETE,f
public,track_likes,postgres,service_role,INSERT,f
public,track_likes,postgres,service_role,MAINTAIN,f
public,track_likes,postgres,service_role,REFERENCES,f
public,track_likes,postgres,service_role,SELECT,f
public,track_likes,postgres,service_role,TRIGGER,f
public,track_likes,postgres,service_role,TRUNCATE,f
public,track_likes,postgres,service_role,UPDATE,f
public,track_likes,postgres,synaura_app,DELETE,f
public,track_likes,postgres,synaura_app,INSERT,f
public,track_likes,postgres,synaura_app,SELECT,f
public,track_likes,postgres,synaura_app,UPDATE,f
public,track_likes_id_seq,postgres,anon,SELECT,f
public,track_likes_id_seq,postgres,anon,UPDATE,f
public,track_likes_id_seq,postgres,anon,USAGE,f
public,track_likes_id_seq,postgres,authenticated,SELECT,f
public,track_likes_id_seq,postgres,authenticated,UPDATE,f
public,track_likes_id_seq,postgres,authenticated,USAGE,f
public,track_likes_id_seq,postgres,postgres,SELECT,f
public,track_likes_id_seq,postgres,postgres,UPDATE,f
public,track_likes_id_seq,postgres,postgres,USAGE,f
public,track_likes_id_seq,postgres,service_role,SELECT,f
public,track_likes_id_seq,postgres,service_role,UPDATE,f
public,track_likes_id_seq,postgres,service_role,USAGE,f
public,track_likes_id_seq,postgres,synaura_app,SELECT,f
public,track_likes_id_seq,postgres,synaura_app,UPDATE,f
public,track_likes_id_seq,postgres,synaura_app,USAGE,f
public,track_moment_reactions,postgres,anon,DELETE,f
public,track_moment_reactions,postgres,anon,INSERT,f
public,track_moment_reactions,postgres,anon,MAINTAIN,f
public,track_moment_reactions,postgres,anon,REFERENCES,f
public,track_moment_reactions,postgres,anon,SELECT,f
public,track_moment_reactions,postgres,anon,TRIGGER,f
public,track_moment_reactions,postgres,anon,TRUNCATE,f
public,track_moment_reactions,postgres,anon,UPDATE,f
public,track_moment_reactions,postgres,authenticated,DELETE,f
public,track_moment_reactions,postgres,authenticated,INSERT,f
public,track_moment_reactions,postgres,authenticated,MAINTAIN,f
public,track_moment_reactions,postgres,authenticated,REFERENCES,f
public,track_moment_reactions,postgres,authenticated,SELECT,f
public,track_moment_reactions,postgres,authenticated,TRIGGER,f
public,track_moment_reactions,postgres,authenticated,TRUNCATE,f
public,track_moment_reactions,postgres,authenticated,UPDATE,f
public,track_moment_reactions,postgres,postgres,DELETE,f
public,track_moment_reactions,postgres,postgres,INSERT,f
public,track_moment_reactions,postgres,postgres,MAINTAIN,f
public,track_moment_reactions,postgres,postgres,REFERENCES,f
public,track_moment_reactions,postgres,postgres,SELECT,f
public,track_moment_reactions,postgres,postgres,TRIGGER,f
public,track_moment_reactions,postgres,postgres,TRUNCATE,f
public,track_moment_reactions,postgres,postgres,UPDATE,f
public,track_moment_reactions,postgres,service_role,DELETE,f
public,track_moment_reactions,postgres,service_role,INSERT,f
public,track_moment_reactions,postgres,service_role,MAINTAIN,f
public,track_moment_reactions,postgres,service_role,REFERENCES,f
public,track_moment_reactions,postgres,service_role,SELECT,f
public,track_moment_reactions,postgres,service_role,TRIGGER,f
public,track_moment_reactions,postgres,service_role,TRUNCATE,f
public,track_moment_reactions,postgres,service_role,UPDATE,f
public,track_moment_reactions,postgres,synaura_app,DELETE,f
public,track_moment_reactions,postgres,synaura_app,INSERT,f
public,track_moment_reactions,postgres,synaura_app,SELECT,f
public,track_moment_reactions,postgres,synaura_app,UPDATE,f
public,track_remixes,postgres,anon,DELETE,f
public,track_remixes,postgres,anon,INSERT,f
public,track_remixes,postgres,anon,MAINTAIN,f
public,track_remixes,postgres,anon,REFERENCES,f
public,track_remixes,postgres,anon,SELECT,f
public,track_remixes,postgres,anon,TRIGGER,f
public,track_remixes,postgres,anon,TRUNCATE,f
public,track_remixes,postgres,anon,UPDATE,f
public,track_remixes,postgres,authenticated,DELETE,f
public,track_remixes,postgres,authenticated,INSERT,f
public,track_remixes,postgres,authenticated,MAINTAIN,f
public,track_remixes,postgres,authenticated,REFERENCES,f
public,track_remixes,postgres,authenticated,SELECT,f
public,track_remixes,postgres,authenticated,TRIGGER,f
public,track_remixes,postgres,authenticated,TRUNCATE,f
public,track_remixes,postgres,authenticated,UPDATE,f
public,track_remixes,postgres,postgres,DELETE,f
public,track_remixes,postgres,postgres,INSERT,f
public,track_remixes,postgres,postgres,MAINTAIN,f
public,track_remixes,postgres,postgres,REFERENCES,f
public,track_remixes,postgres,postgres,SELECT,f
public,track_remixes,postgres,postgres,TRIGGER,f
public,track_remixes,postgres,postgres,TRUNCATE,f
public,track_remixes,postgres,postgres,UPDATE,f
public,track_remixes,postgres,service_role,DELETE,f
public,track_remixes,postgres,service_role,INSERT,f
public,track_remixes,postgres,service_role,MAINTAIN,f
public,track_remixes,postgres,service_role,REFERENCES,f
public,track_remixes,postgres,service_role,SELECT,f
public,track_remixes,postgres,service_role,TRIGGER,f
public,track_remixes,postgres,service_role,TRUNCATE,f
public,track_remixes,postgres,service_role,UPDATE,f
public,track_remixes,postgres,synaura_app,DELETE,f
public,track_remixes,postgres,synaura_app,INSERT,f
public,track_remixes,postgres,synaura_app,SELECT,f
public,track_remixes,postgres,synaura_app,UPDATE,f
public,track_stats,postgres,anon,DELETE,f
public,track_stats,postgres,anon,INSERT,f
public,track_stats,postgres,anon,MAINTAIN,f
public,track_stats,postgres,anon,REFERENCES,f
public,track_stats,postgres,anon,SELECT,f
public,track_stats,postgres,anon,TRIGGER,f
public,track_stats,postgres,anon,TRUNCATE,f
public,track_stats,postgres,anon,UPDATE,f
public,track_stats,postgres,authenticated,DELETE,f
public,track_stats,postgres,authenticated,INSERT,f
public,track_stats,postgres,authenticated,MAINTAIN,f
public,track_stats,postgres,authenticated,REFERENCES,f
public,track_stats,postgres,authenticated,SELECT,f
public,track_stats,postgres,authenticated,TRIGGER,f
public,track_stats,postgres,authenticated,TRUNCATE,f
public,track_stats,postgres,authenticated,UPDATE,f
public,track_stats,postgres,postgres,DELETE,f
public,track_stats,postgres,postgres,INSERT,f
public,track_stats,postgres,postgres,MAINTAIN,f
public,track_stats,postgres,postgres,REFERENCES,f
public,track_stats,postgres,postgres,SELECT,f
public,track_stats,postgres,postgres,TRIGGER,f
public,track_stats,postgres,postgres,TRUNCATE,f
public,track_stats,postgres,postgres,UPDATE,f
public,track_stats,postgres,service_role,DELETE,f
public,track_stats,postgres,service_role,INSERT,f
public,track_stats,postgres,service_role,MAINTAIN,f
public,track_stats,postgres,service_role,REFERENCES,f
public,track_stats,postgres,service_role,SELECT,f
public,track_stats,postgres,service_role,TRIGGER,f
public,track_stats,postgres,service_role,TRUNCATE,f
public,track_stats,postgres,service_role,UPDATE,f
public,track_stats,postgres,synaura_app,DELETE,f
public,track_stats,postgres,synaura_app,INSERT,f
public,track_stats,postgres,synaura_app,SELECT,f
public,track_stats,postgres,synaura_app,UPDATE,f
public,track_stats_daily,postgres,anon,DELETE,f
public,track_stats_daily,postgres,anon,INSERT,f
public,track_stats_daily,postgres,anon,MAINTAIN,f
public,track_stats_daily,postgres,anon,REFERENCES,f
public,track_stats_daily,postgres,anon,SELECT,f
public,track_stats_daily,postgres,anon,TRIGGER,f
public,track_stats_daily,postgres,anon,TRUNCATE,f
public,track_stats_daily,postgres,anon,UPDATE,f
public,track_stats_daily,postgres,authenticated,DELETE,f
public,track_stats_daily,postgres,authenticated,INSERT,f
public,track_stats_daily,postgres,authenticated,MAINTAIN,f
public,track_stats_daily,postgres,authenticated,REFERENCES,f
public,track_stats_daily,postgres,authenticated,SELECT,f
public,track_stats_daily,postgres,authenticated,TRIGGER,f
public,track_stats_daily,postgres,authenticated,TRUNCATE,f
public,track_stats_daily,postgres,authenticated,UPDATE,f
public,track_stats_daily,postgres,postgres,DELETE,f
public,track_stats_daily,postgres,postgres,INSERT,f
public,track_stats_daily,postgres,postgres,MAINTAIN,f
public,track_stats_daily,postgres,postgres,REFERENCES,f
public,track_stats_daily,postgres,postgres,SELECT,f
public,track_stats_daily,postgres,postgres,TRIGGER,f
public,track_stats_daily,postgres,postgres,TRUNCATE,f
public,track_stats_daily,postgres,postgres,UPDATE,f
public,track_stats_daily,postgres,service_role,DELETE,f
public,track_stats_daily,postgres,service_role,INSERT,f
public,track_stats_daily,postgres,service_role,MAINTAIN,f
public,track_stats_daily,postgres,service_role,REFERENCES,f
public,track_stats_daily,postgres,service_role,SELECT,f
public,track_stats_daily,postgres,service_role,TRIGGER,f
public,track_stats_daily,postgres,service_role,TRUNCATE,f
public,track_stats_daily,postgres,service_role,UPDATE,f
public,track_stats_daily,postgres,synaura_app,DELETE,f
public,track_stats_daily,postgres,synaura_app,INSERT,f
public,track_stats_daily,postgres,synaura_app,SELECT,f
public,track_stats_daily,postgres,synaura_app,UPDATE,f
public,track_stats_rolling_30d,postgres,anon,DELETE,f
public,track_stats_rolling_30d,postgres,anon,INSERT,f
public,track_stats_rolling_30d,postgres,anon,MAINTAIN,f
public,track_stats_rolling_30d,postgres,anon,REFERENCES,f
public,track_stats_rolling_30d,postgres,anon,SELECT,f
public,track_stats_rolling_30d,postgres,anon,TRIGGER,f
public,track_stats_rolling_30d,postgres,anon,TRUNCATE,f
public,track_stats_rolling_30d,postgres,anon,UPDATE,f
public,track_stats_rolling_30d,postgres,authenticated,DELETE,f
public,track_stats_rolling_30d,postgres,authenticated,INSERT,f
public,track_stats_rolling_30d,postgres,authenticated,MAINTAIN,f
public,track_stats_rolling_30d,postgres,authenticated,REFERENCES,f
public,track_stats_rolling_30d,postgres,authenticated,SELECT,f
public,track_stats_rolling_30d,postgres,authenticated,TRIGGER,f
public,track_stats_rolling_30d,postgres,authenticated,TRUNCATE,f
public,track_stats_rolling_30d,postgres,authenticated,UPDATE,f
public,track_stats_rolling_30d,postgres,postgres,DELETE,f
public,track_stats_rolling_30d,postgres,postgres,INSERT,f
public,track_stats_rolling_30d,postgres,postgres,MAINTAIN,f
public,track_stats_rolling_30d,postgres,postgres,REFERENCES,f
public,track_stats_rolling_30d,postgres,postgres,SELECT,f
public,track_stats_rolling_30d,postgres,postgres,TRIGGER,f
public,track_stats_rolling_30d,postgres,postgres,TRUNCATE,f
public,track_stats_rolling_30d,postgres,postgres,UPDATE,f
public,track_stats_rolling_30d,postgres,service_role,DELETE,f
public,track_stats_rolling_30d,postgres,service_role,INSERT,f
public,track_stats_rolling_30d,postgres,service_role,MAINTAIN,f
public,track_stats_rolling_30d,postgres,service_role,REFERENCES,f
public,track_stats_rolling_30d,postgres,service_role,SELECT,f
public,track_stats_rolling_30d,postgres,service_role,TRIGGER,f
public,track_stats_rolling_30d,postgres,service_role,TRUNCATE,f
public,track_stats_rolling_30d,postgres,service_role,UPDATE,f
public,track_stats_rolling_30d,postgres,synaura_app,DELETE,f
public,track_stats_rolling_30d,postgres,synaura_app,INSERT,f
public,track_stats_rolling_30d,postgres,synaura_app,SELECT,f
public,track_stats_rolling_30d,postgres,synaura_app,UPDATE,f
public,track_traffic_sources_30d,postgres,anon,DELETE,f
public,track_traffic_sources_30d,postgres,anon,INSERT,f
public,track_traffic_sources_30d,postgres,anon,MAINTAIN,f
public,track_traffic_sources_30d,postgres,anon,REFERENCES,f
public,track_traffic_sources_30d,postgres,anon,SELECT,f
public,track_traffic_sources_30d,postgres,anon,TRIGGER,f
public,track_traffic_sources_30d,postgres,anon,TRUNCATE,f
public,track_traffic_sources_30d,postgres,anon,UPDATE,f
public,track_traffic_sources_30d,postgres,authenticated,DELETE,f
public,track_traffic_sources_30d,postgres,authenticated,INSERT,f
public,track_traffic_sources_30d,postgres,authenticated,MAINTAIN,f
public,track_traffic_sources_30d,postgres,authenticated,REFERENCES,f
public,track_traffic_sources_30d,postgres,authenticated,SELECT,f
public,track_traffic_sources_30d,postgres,authenticated,TRIGGER,f
public,track_traffic_sources_30d,postgres,authenticated,TRUNCATE,f
public,track_traffic_sources_30d,postgres,authenticated,UPDATE,f
public,track_traffic_sources_30d,postgres,postgres,DELETE,f
public,track_traffic_sources_30d,postgres,postgres,INSERT,f
public,track_traffic_sources_30d,postgres,postgres,MAINTAIN,f
public,track_traffic_sources_30d,postgres,postgres,REFERENCES,f
public,track_traffic_sources_30d,postgres,postgres,SELECT,f
public,track_traffic_sources_30d,postgres,postgres,TRIGGER,f
public,track_traffic_sources_30d,postgres,postgres,TRUNCATE,f
public,track_traffic_sources_30d,postgres,postgres,UPDATE,f
public,track_traffic_sources_30d,postgres,service_role,DELETE,f
public,track_traffic_sources_30d,postgres,service_role,INSERT,f
public,track_traffic_sources_30d,postgres,service_role,MAINTAIN,f
public,track_traffic_sources_30d,postgres,service_role,REFERENCES,f
public,track_traffic_sources_30d,postgres,service_role,SELECT,f
public,track_traffic_sources_30d,postgres,service_role,TRIGGER,f
public,track_traffic_sources_30d,postgres,service_role,TRUNCATE,f
public,track_traffic_sources_30d,postgres,service_role,UPDATE,f
public,track_traffic_sources_30d,postgres,synaura_app,DELETE,f
public,track_traffic_sources_30d,postgres,synaura_app,INSERT,f
public,track_traffic_sources_30d,postgres,synaura_app,SELECT,f
public,track_traffic_sources_30d,postgres,synaura_app,UPDATE,f
public,track_views,postgres,anon,DELETE,f
public,track_views,postgres,anon,INSERT,f
public,track_views,postgres,anon,MAINTAIN,f
public,track_views,postgres,anon,REFERENCES,f
public,track_views,postgres,anon,SELECT,f
public,track_views,postgres,anon,TRIGGER,f
public,track_views,postgres,anon,TRUNCATE,f
public,track_views,postgres,anon,UPDATE,f
public,track_views,postgres,authenticated,DELETE,f
public,track_views,postgres,authenticated,INSERT,f
public,track_views,postgres,authenticated,MAINTAIN,f
public,track_views,postgres,authenticated,REFERENCES,f
public,track_views,postgres,authenticated,SELECT,f
public,track_views,postgres,authenticated,TRIGGER,f
public,track_views,postgres,authenticated,TRUNCATE,f
public,track_views,postgres,authenticated,UPDATE,f
public,track_views,postgres,postgres,DELETE,f
public,track_views,postgres,postgres,INSERT,f
public,track_views,postgres,postgres,MAINTAIN,f
public,track_views,postgres,postgres,REFERENCES,f
public,track_views,postgres,postgres,SELECT,f
public,track_views,postgres,postgres,TRIGGER,f
public,track_views,postgres,postgres,TRUNCATE,f
public,track_views,postgres,postgres,UPDATE,f
public,track_views,postgres,service_role,DELETE,f
public,track_views,postgres,service_role,INSERT,f
public,track_views,postgres,service_role,MAINTAIN,f
public,track_views,postgres,service_role,REFERENCES,f
public,track_views,postgres,service_role,SELECT,f
public,track_views,postgres,service_role,TRIGGER,f
public,track_views,postgres,service_role,TRUNCATE,f
public,track_views,postgres,service_role,UPDATE,f
public,track_views,postgres,synaura_app,DELETE,f
public,track_views,postgres,synaura_app,INSERT,f
public,track_views,postgres,synaura_app,SELECT,f
public,track_views,postgres,synaura_app,UPDATE,f
public,track_waveforms,postgres,anon,DELETE,f
public,track_waveforms,postgres,anon,INSERT,f
public,track_waveforms,postgres,anon,MAINTAIN,f
public,track_waveforms,postgres,anon,REFERENCES,f
public,track_waveforms,postgres,anon,SELECT,f
public,track_waveforms,postgres,anon,TRIGGER,f
public,track_waveforms,postgres,anon,TRUNCATE,f
public,track_waveforms,postgres,anon,UPDATE,f
public,track_waveforms,postgres,authenticated,DELETE,f
public,track_waveforms,postgres,authenticated,INSERT,f
public,track_waveforms,postgres,authenticated,MAINTAIN,f
public,track_waveforms,postgres,authenticated,REFERENCES,f
public,track_waveforms,postgres,authenticated,SELECT,f
public,track_waveforms,postgres,authenticated,TRIGGER,f
public,track_waveforms,postgres,authenticated,TRUNCATE,f
public,track_waveforms,postgres,authenticated,UPDATE,f
public,track_waveforms,postgres,postgres,DELETE,f
public,track_waveforms,postgres,postgres,INSERT,f
public,track_waveforms,postgres,postgres,MAINTAIN,f
public,track_waveforms,postgres,postgres,REFERENCES,f
public,track_waveforms,postgres,postgres,SELECT,f
public,track_waveforms,postgres,postgres,TRIGGER,f
public,track_waveforms,postgres,postgres,TRUNCATE,f
public,track_waveforms,postgres,postgres,UPDATE,f
public,track_waveforms,postgres,service_role,DELETE,f
public,track_waveforms,postgres,service_role,INSERT,f
public,track_waveforms,postgres,service_role,MAINTAIN,f
public,track_waveforms,postgres,service_role,REFERENCES,f
public,track_waveforms,postgres,service_role,SELECT,f
public,track_waveforms,postgres,service_role,TRIGGER,f
public,track_waveforms,postgres,service_role,TRUNCATE,f
public,track_waveforms,postgres,service_role,UPDATE,f
public,track_waveforms,postgres,synaura_app,DELETE,f
public,track_waveforms,postgres,synaura_app,INSERT,f
public,track_waveforms,postgres,synaura_app,SELECT,f
public,track_waveforms,postgres,synaura_app,UPDATE,f
public,tracks,postgres,anon,DELETE,f
public,tracks,postgres,anon,INSERT,f
public,tracks,postgres,anon,MAINTAIN,f
public,tracks,postgres,anon,REFERENCES,f
public,tracks,postgres,anon,SELECT,f
public,tracks,postgres,anon,TRIGGER,f
public,tracks,postgres,anon,TRUNCATE,f
public,tracks,postgres,anon,UPDATE,f
public,tracks,postgres,authenticated,DELETE,f
public,tracks,postgres,authenticated,INSERT,f
public,tracks,postgres,authenticated,MAINTAIN,f
public,tracks,postgres,authenticated,REFERENCES,f
public,tracks,postgres,authenticated,SELECT,f
public,tracks,postgres,authenticated,TRIGGER,f
public,tracks,postgres,authenticated,TRUNCATE,f
public,tracks,postgres,authenticated,UPDATE,f
public,tracks,postgres,postgres,DELETE,f
public,tracks,postgres,postgres,INSERT,f
public,tracks,postgres,postgres,MAINTAIN,f
public,tracks,postgres,postgres,REFERENCES,f
public,tracks,postgres,postgres,SELECT,f
public,tracks,postgres,postgres,TRIGGER,f
public,tracks,postgres,postgres,TRUNCATE,f
public,tracks,postgres,postgres,UPDATE,f
public,tracks,postgres,service_role,DELETE,f
public,tracks,postgres,service_role,INSERT,f
public,tracks,postgres,service_role,MAINTAIN,f
public,tracks,postgres,service_role,REFERENCES,f
public,tracks,postgres,service_role,SELECT,f
public,tracks,postgres,service_role,TRIGGER,f
public,tracks,postgres,service_role,TRUNCATE,f
public,tracks,postgres,service_role,UPDATE,f
public,tracks,postgres,synaura_app,DELETE,f
public,tracks,postgres,synaura_app,INSERT,f
public,tracks,postgres,synaura_app,SELECT,f
public,tracks,postgres,synaura_app,UPDATE,f
public,user_blocks,postgres,anon,DELETE,f
public,user_blocks,postgres,anon,INSERT,f
public,user_blocks,postgres,anon,MAINTAIN,f
public,user_blocks,postgres,anon,REFERENCES,f
public,user_blocks,postgres,anon,SELECT,f
public,user_blocks,postgres,anon,TRIGGER,f
public,user_blocks,postgres,anon,TRUNCATE,f
public,user_blocks,postgres,anon,UPDATE,f
public,user_blocks,postgres,authenticated,DELETE,f
public,user_blocks,postgres,authenticated,INSERT,f
public,user_blocks,postgres,authenticated,MAINTAIN,f
public,user_blocks,postgres,authenticated,REFERENCES,f
public,user_blocks,postgres,authenticated,SELECT,f
public,user_blocks,postgres,authenticated,TRIGGER,f
public,user_blocks,postgres,authenticated,TRUNCATE,f
public,user_blocks,postgres,authenticated,UPDATE,f
public,user_blocks,postgres,postgres,DELETE,f
public,user_blocks,postgres,postgres,INSERT,f
public,user_blocks,postgres,postgres,MAINTAIN,f
public,user_blocks,postgres,postgres,REFERENCES,f
public,user_blocks,postgres,postgres,SELECT,f
public,user_blocks,postgres,postgres,TRIGGER,f
public,user_blocks,postgres,postgres,TRUNCATE,f
public,user_blocks,postgres,postgres,UPDATE,f
public,user_blocks,postgres,service_role,DELETE,f
public,user_blocks,postgres,service_role,INSERT,f
public,user_blocks,postgres,service_role,MAINTAIN,f
public,user_blocks,postgres,service_role,REFERENCES,f
public,user_blocks,postgres,service_role,SELECT,f
public,user_blocks,postgres,service_role,TRIGGER,f
public,user_blocks,postgres,service_role,TRUNCATE,f
public,user_blocks,postgres,service_role,UPDATE,f
public,user_blocks,postgres,synaura_app,DELETE,f
public,user_blocks,postgres,synaura_app,INSERT,f
public,user_blocks,postgres,synaura_app,SELECT,f
public,user_blocks,postgres,synaura_app,UPDATE,f
public,user_booster_daily,postgres,anon,DELETE,f
public,user_booster_daily,postgres,anon,INSERT,f
public,user_booster_daily,postgres,anon,MAINTAIN,f
public,user_booster_daily,postgres,anon,REFERENCES,f
public,user_booster_daily,postgres,anon,SELECT,f
public,user_booster_daily,postgres,anon,TRIGGER,f
public,user_booster_daily,postgres,anon,TRUNCATE,f
public,user_booster_daily,postgres,anon,UPDATE,f
public,user_booster_daily,postgres,authenticated,DELETE,f
public,user_booster_daily,postgres,authenticated,INSERT,f
public,user_booster_daily,postgres,authenticated,MAINTAIN,f
public,user_booster_daily,postgres,authenticated,REFERENCES,f
public,user_booster_daily,postgres,authenticated,SELECT,f
public,user_booster_daily,postgres,authenticated,TRIGGER,f
public,user_booster_daily,postgres,authenticated,TRUNCATE,f
public,user_booster_daily,postgres,authenticated,UPDATE,f
public,user_booster_daily,postgres,postgres,DELETE,f
public,user_booster_daily,postgres,postgres,INSERT,f
public,user_booster_daily,postgres,postgres,MAINTAIN,f
public,user_booster_daily,postgres,postgres,REFERENCES,f
public,user_booster_daily,postgres,postgres,SELECT,f
public,user_booster_daily,postgres,postgres,TRIGGER,f
public,user_booster_daily,postgres,postgres,TRUNCATE,f
public,user_booster_daily,postgres,postgres,UPDATE,f
public,user_booster_daily,postgres,service_role,DELETE,f
public,user_booster_daily,postgres,service_role,INSERT,f
public,user_booster_daily,postgres,service_role,MAINTAIN,f
public,user_booster_daily,postgres,service_role,REFERENCES,f
public,user_booster_daily,postgres,service_role,SELECT,f
public,user_booster_daily,postgres,service_role,TRIGGER,f
public,user_booster_daily,postgres,service_role,TRUNCATE,f
public,user_booster_daily,postgres,service_role,UPDATE,f
public,user_booster_daily,postgres,synaura_app,DELETE,f
public,user_booster_daily,postgres,synaura_app,INSERT,f
public,user_booster_daily,postgres,synaura_app,SELECT,f
public,user_booster_daily,postgres,synaura_app,UPDATE,f
public,user_booster_open_history,postgres,anon,DELETE,f
public,user_booster_open_history,postgres,anon,INSERT,f
public,user_booster_open_history,postgres,anon,MAINTAIN,f
public,user_booster_open_history,postgres,anon,REFERENCES,f
public,user_booster_open_history,postgres,anon,SELECT,f
public,user_booster_open_history,postgres,anon,TRIGGER,f
public,user_booster_open_history,postgres,anon,TRUNCATE,f
public,user_booster_open_history,postgres,anon,UPDATE,f
public,user_booster_open_history,postgres,authenticated,DELETE,f
public,user_booster_open_history,postgres,authenticated,INSERT,f
public,user_booster_open_history,postgres,authenticated,MAINTAIN,f
public,user_booster_open_history,postgres,authenticated,REFERENCES,f
public,user_booster_open_history,postgres,authenticated,SELECT,f
public,user_booster_open_history,postgres,authenticated,TRIGGER,f
public,user_booster_open_history,postgres,authenticated,TRUNCATE,f
public,user_booster_open_history,postgres,authenticated,UPDATE,f
public,user_booster_open_history,postgres,postgres,DELETE,f
public,user_booster_open_history,postgres,postgres,INSERT,f
public,user_booster_open_history,postgres,postgres,MAINTAIN,f
public,user_booster_open_history,postgres,postgres,REFERENCES,f
public,user_booster_open_history,postgres,postgres,SELECT,f
public,user_booster_open_history,postgres,postgres,TRIGGER,f
public,user_booster_open_history,postgres,postgres,TRUNCATE,f
public,user_booster_open_history,postgres,postgres,UPDATE,f
public,user_booster_open_history,postgres,service_role,DELETE,f
public,user_booster_open_history,postgres,service_role,INSERT,f
public,user_booster_open_history,postgres,service_role,MAINTAIN,f
public,user_booster_open_history,postgres,service_role,REFERENCES,f
public,user_booster_open_history,postgres,service_role,SELECT,f
public,user_booster_open_history,postgres,service_role,TRIGGER,f
public,user_booster_open_history,postgres,service_role,TRUNCATE,f
public,user_booster_open_history,postgres,service_role,UPDATE,f
public,user_booster_open_history,postgres,synaura_app,DELETE,f
public,user_booster_open_history,postgres,synaura_app,INSERT,f
public,user_booster_open_history,postgres,synaura_app,SELECT,f
public,user_booster_open_history,postgres,synaura_app,UPDATE,f
public,user_booster_pack_claims,postgres,anon,DELETE,f
public,user_booster_pack_claims,postgres,anon,INSERT,f
public,user_booster_pack_claims,postgres,anon,MAINTAIN,f
public,user_booster_pack_claims,postgres,anon,REFERENCES,f
public,user_booster_pack_claims,postgres,anon,SELECT,f
public,user_booster_pack_claims,postgres,anon,TRIGGER,f
public,user_booster_pack_claims,postgres,anon,TRUNCATE,f
public,user_booster_pack_claims,postgres,anon,UPDATE,f
public,user_booster_pack_claims,postgres,authenticated,DELETE,f
public,user_booster_pack_claims,postgres,authenticated,INSERT,f
public,user_booster_pack_claims,postgres,authenticated,MAINTAIN,f
public,user_booster_pack_claims,postgres,authenticated,REFERENCES,f
public,user_booster_pack_claims,postgres,authenticated,SELECT,f
public,user_booster_pack_claims,postgres,authenticated,TRIGGER,f
public,user_booster_pack_claims,postgres,authenticated,TRUNCATE,f
public,user_booster_pack_claims,postgres,authenticated,UPDATE,f
public,user_booster_pack_claims,postgres,postgres,DELETE,f
public,user_booster_pack_claims,postgres,postgres,INSERT,f
public,user_booster_pack_claims,postgres,postgres,MAINTAIN,f
public,user_booster_pack_claims,postgres,postgres,REFERENCES,f
public,user_booster_pack_claims,postgres,postgres,SELECT,f
public,user_booster_pack_claims,postgres,postgres,TRIGGER,f
public,user_booster_pack_claims,postgres,postgres,TRUNCATE,f
public,user_booster_pack_claims,postgres,postgres,UPDATE,f
public,user_booster_pack_claims,postgres,service_role,DELETE,f
public,user_booster_pack_claims,postgres,service_role,INSERT,f
public,user_booster_pack_claims,postgres,service_role,MAINTAIN,f
public,user_booster_pack_claims,postgres,service_role,REFERENCES,f
public,user_booster_pack_claims,postgres,service_role,SELECT,f
public,user_booster_pack_claims,postgres,service_role,TRIGGER,f
public,user_booster_pack_claims,postgres,service_role,TRUNCATE,f
public,user_booster_pack_claims,postgres,service_role,UPDATE,f
public,user_booster_pack_claims,postgres,synaura_app,DELETE,f
public,user_booster_pack_claims,postgres,synaura_app,INSERT,f
public,user_booster_pack_claims,postgres,synaura_app,SELECT,f
public,user_booster_pack_claims,postgres,synaura_app,UPDATE,f
public,user_booster_pity,postgres,anon,DELETE,f
public,user_booster_pity,postgres,anon,INSERT,f
public,user_booster_pity,postgres,anon,MAINTAIN,f
public,user_booster_pity,postgres,anon,REFERENCES,f
public,user_booster_pity,postgres,anon,SELECT,f
public,user_booster_pity,postgres,anon,TRIGGER,f
public,user_booster_pity,postgres,anon,TRUNCATE,f
public,user_booster_pity,postgres,anon,UPDATE,f
public,user_booster_pity,postgres,authenticated,DELETE,f
public,user_booster_pity,postgres,authenticated,INSERT,f
public,user_booster_pity,postgres,authenticated,MAINTAIN,f
public,user_booster_pity,postgres,authenticated,REFERENCES,f
public,user_booster_pity,postgres,authenticated,SELECT,f
public,user_booster_pity,postgres,authenticated,TRIGGER,f
public,user_booster_pity,postgres,authenticated,TRUNCATE,f
public,user_booster_pity,postgres,authenticated,UPDATE,f
public,user_booster_pity,postgres,postgres,DELETE,f
public,user_booster_pity,postgres,postgres,INSERT,f
public,user_booster_pity,postgres,postgres,MAINTAIN,f
public,user_booster_pity,postgres,postgres,REFERENCES,f
public,user_booster_pity,postgres,postgres,SELECT,f
public,user_booster_pity,postgres,postgres,TRIGGER,f
public,user_booster_pity,postgres,postgres,TRUNCATE,f
public,user_booster_pity,postgres,postgres,UPDATE,f
public,user_booster_pity,postgres,service_role,DELETE,f
public,user_booster_pity,postgres,service_role,INSERT,f
public,user_booster_pity,postgres,service_role,MAINTAIN,f
public,user_booster_pity,postgres,service_role,REFERENCES,f
public,user_booster_pity,postgres,service_role,SELECT,f
public,user_booster_pity,postgres,service_role,TRIGGER,f
public,user_booster_pity,postgres,service_role,TRUNCATE,f
public,user_booster_pity,postgres,service_role,UPDATE,f
public,user_booster_pity,postgres,synaura_app,DELETE,f
public,user_booster_pity,postgres,synaura_app,INSERT,f
public,user_booster_pity,postgres,synaura_app,SELECT,f
public,user_booster_pity,postgres,synaura_app,UPDATE,f
public,user_boosters,postgres,anon,DELETE,f
public,user_boosters,postgres,anon,INSERT,f
public,user_boosters,postgres,anon,MAINTAIN,f
public,user_boosters,postgres,anon,REFERENCES,f
public,user_boosters,postgres,anon,SELECT,f
public,user_boosters,postgres,anon,TRIGGER,f
public,user_boosters,postgres,anon,TRUNCATE,f
public,user_boosters,postgres,anon,UPDATE,f
public,user_boosters,postgres,authenticated,DELETE,f
public,user_boosters,postgres,authenticated,INSERT,f
public,user_boosters,postgres,authenticated,MAINTAIN,f
public,user_boosters,postgres,authenticated,REFERENCES,f
public,user_boosters,postgres,authenticated,SELECT,f
public,user_boosters,postgres,authenticated,TRIGGER,f
public,user_boosters,postgres,authenticated,TRUNCATE,f
public,user_boosters,postgres,authenticated,UPDATE,f
public,user_boosters,postgres,postgres,DELETE,f
public,user_boosters,postgres,postgres,INSERT,f
public,user_boosters,postgres,postgres,MAINTAIN,f
public,user_boosters,postgres,postgres,REFERENCES,f
public,user_boosters,postgres,postgres,SELECT,f
public,user_boosters,postgres,postgres,TRIGGER,f
public,user_boosters,postgres,postgres,TRUNCATE,f
public,user_boosters,postgres,postgres,UPDATE,f
public,user_boosters,postgres,service_role,DELETE,f
public,user_boosters,postgres,service_role,INSERT,f
public,user_boosters,postgres,service_role,MAINTAIN,f
public,user_boosters,postgres,service_role,REFERENCES,f
public,user_boosters,postgres,service_role,SELECT,f
public,user_boosters,postgres,service_role,TRIGGER,f
public,user_boosters,postgres,service_role,TRUNCATE,f
public,user_boosters,postgres,service_role,UPDATE,f
public,user_boosters,postgres,synaura_app,DELETE,f
public,user_boosters,postgres,synaura_app,INSERT,f
public,user_boosters,postgres,synaura_app,SELECT,f
public,user_boosters,postgres,synaura_app,UPDATE,f
public,user_daily_spin,postgres,authenticated,DELETE,f
public,user_daily_spin,postgres,authenticated,INSERT,f
public,user_daily_spin,postgres,authenticated,MAINTAIN,f
public,user_daily_spin,postgres,authenticated,REFERENCES,f
public,user_daily_spin,postgres,authenticated,SELECT,f
public,user_daily_spin,postgres,authenticated,TRIGGER,f
public,user_daily_spin,postgres,authenticated,TRUNCATE,f
public,user_daily_spin,postgres,authenticated,UPDATE,f
public,user_daily_spin,postgres,postgres,DELETE,f
public,user_daily_spin,postgres,postgres,INSERT,f
public,user_daily_spin,postgres,postgres,MAINTAIN,f
public,user_daily_spin,postgres,postgres,REFERENCES,f
public,user_daily_spin,postgres,postgres,SELECT,f
public,user_daily_spin,postgres,postgres,TRIGGER,f
public,user_daily_spin,postgres,postgres,TRUNCATE,f
public,user_daily_spin,postgres,postgres,UPDATE,f
public,user_daily_spin,postgres,service_role,DELETE,f
public,user_daily_spin,postgres,service_role,INSERT,f
public,user_daily_spin,postgres,service_role,MAINTAIN,f
public,user_daily_spin,postgres,service_role,REFERENCES,f
public,user_daily_spin,postgres,service_role,SELECT,f
public,user_daily_spin,postgres,service_role,TRIGGER,f
public,user_daily_spin,postgres,service_role,TRUNCATE,f
public,user_daily_spin,postgres,service_role,UPDATE,f
public,user_daily_spin,postgres,synaura_app,DELETE,f
public,user_daily_spin,postgres,synaura_app,INSERT,f
public,user_daily_spin,postgres,synaura_app,SELECT,f
public,user_daily_spin,postgres,synaura_app,UPDATE,f
public,user_daily_spin_history,postgres,authenticated,DELETE,f
public,user_daily_spin_history,postgres,authenticated,INSERT,f
public,user_daily_spin_history,postgres,authenticated,MAINTAIN,f
public,user_daily_spin_history,postgres,authenticated,REFERENCES,f
public,user_daily_spin_history,postgres,authenticated,SELECT,f
public,user_daily_spin_history,postgres,authenticated,TRIGGER,f
public,user_daily_spin_history,postgres,authenticated,TRUNCATE,f
public,user_daily_spin_history,postgres,authenticated,UPDATE,f
public,user_daily_spin_history,postgres,postgres,DELETE,f
public,user_daily_spin_history,postgres,postgres,INSERT,f
public,user_daily_spin_history,postgres,postgres,MAINTAIN,f
public,user_daily_spin_history,postgres,postgres,REFERENCES,f
public,user_daily_spin_history,postgres,postgres,SELECT,f
public,user_daily_spin_history,postgres,postgres,TRIGGER,f
public,user_daily_spin_history,postgres,postgres,TRUNCATE,f
public,user_daily_spin_history,postgres,postgres,UPDATE,f
public,user_daily_spin_history,postgres,service_role,DELETE,f
public,user_daily_spin_history,postgres,service_role,INSERT,f
public,user_daily_spin_history,postgres,service_role,MAINTAIN,f
public,user_daily_spin_history,postgres,service_role,REFERENCES,f
public,user_daily_spin_history,postgres,service_role,SELECT,f
public,user_daily_spin_history,postgres,service_role,TRIGGER,f
public,user_daily_spin_history,postgres,service_role,TRUNCATE,f
public,user_daily_spin_history,postgres,service_role,UPDATE,f
public,user_daily_spin_history,postgres,synaura_app,DELETE,f
public,user_daily_spin_history,postgres,synaura_app,INSERT,f
public,user_daily_spin_history,postgres,synaura_app,SELECT,f
public,user_daily_spin_history,postgres,synaura_app,UPDATE,f
public,user_follows,postgres,anon,DELETE,f
public,user_follows,postgres,anon,INSERT,f
public,user_follows,postgres,anon,MAINTAIN,f
public,user_follows,postgres,anon,REFERENCES,f
public,user_follows,postgres,anon,SELECT,f
public,user_follows,postgres,anon,TRIGGER,f
public,user_follows,postgres,anon,TRUNCATE,f
public,user_follows,postgres,anon,UPDATE,f
public,user_follows,postgres,authenticated,DELETE,f
public,user_follows,postgres,authenticated,INSERT,f
public,user_follows,postgres,authenticated,MAINTAIN,f
public,user_follows,postgres,authenticated,REFERENCES,f
public,user_follows,postgres,authenticated,SELECT,f
public,user_follows,postgres,authenticated,TRIGGER,f
public,user_follows,postgres,authenticated,TRUNCATE,f
public,user_follows,postgres,authenticated,UPDATE,f
public,user_follows,postgres,postgres,DELETE,f
public,user_follows,postgres,postgres,INSERT,f
public,user_follows,postgres,postgres,MAINTAIN,f
public,user_follows,postgres,postgres,REFERENCES,f
public,user_follows,postgres,postgres,SELECT,f
public,user_follows,postgres,postgres,TRIGGER,f
public,user_follows,postgres,postgres,TRUNCATE,f
public,user_follows,postgres,postgres,UPDATE,f
public,user_follows,postgres,service_role,DELETE,f
public,user_follows,postgres,service_role,INSERT,f
public,user_follows,postgres,service_role,MAINTAIN,f
public,user_follows,postgres,service_role,REFERENCES,f
public,user_follows,postgres,service_role,SELECT,f
public,user_follows,postgres,service_role,TRIGGER,f
public,user_follows,postgres,service_role,TRUNCATE,f
public,user_follows,postgres,service_role,UPDATE,f
public,user_follows,postgres,synaura_app,DELETE,f
public,user_follows,postgres,synaura_app,INSERT,f
public,user_follows,postgres,synaura_app,SELECT,f
public,user_follows,postgres,synaura_app,UPDATE,f
public,user_follows_id_seq,postgres,anon,SELECT,f
public,user_follows_id_seq,postgres,anon,UPDATE,f
public,user_follows_id_seq,postgres,anon,USAGE,f
public,user_follows_id_seq,postgres,authenticated,SELECT,f
public,user_follows_id_seq,postgres,authenticated,UPDATE,f
public,user_follows_id_seq,postgres,authenticated,USAGE,f
public,user_follows_id_seq,postgres,postgres,SELECT,f
public,user_follows_id_seq,postgres,postgres,UPDATE,f
public,user_follows_id_seq,postgres,postgres,USAGE,f
public,user_follows_id_seq,postgres,service_role,SELECT,f
public,user_follows_id_seq,postgres,service_role,UPDATE,f
public,user_follows_id_seq,postgres,service_role,USAGE,f
public,user_follows_id_seq,postgres,synaura_app,SELECT,f
public,user_follows_id_seq,postgres,synaura_app,UPDATE,f
public,user_follows_id_seq,postgres,synaura_app,USAGE,f
public,user_missions,postgres,anon,DELETE,f
public,user_missions,postgres,anon,INSERT,f
public,user_missions,postgres,anon,MAINTAIN,f
public,user_missions,postgres,anon,REFERENCES,f
public,user_missions,postgres,anon,SELECT,f
public,user_missions,postgres,anon,TRIGGER,f
public,user_missions,postgres,anon,TRUNCATE,f
public,user_missions,postgres,anon,UPDATE,f
public,user_missions,postgres,authenticated,DELETE,f
public,user_missions,postgres,authenticated,INSERT,f
public,user_missions,postgres,authenticated,MAINTAIN,f
public,user_missions,postgres,authenticated,REFERENCES,f
public,user_missions,postgres,authenticated,SELECT,f
public,user_missions,postgres,authenticated,TRIGGER,f
public,user_missions,postgres,authenticated,TRUNCATE,f
public,user_missions,postgres,authenticated,UPDATE,f
public,user_missions,postgres,postgres,DELETE,f
public,user_missions,postgres,postgres,INSERT,f
public,user_missions,postgres,postgres,MAINTAIN,f
public,user_missions,postgres,postgres,REFERENCES,f
public,user_missions,postgres,postgres,SELECT,f
public,user_missions,postgres,postgres,TRIGGER,f
public,user_missions,postgres,postgres,TRUNCATE,f
public,user_missions,postgres,postgres,UPDATE,f
public,user_missions,postgres,service_role,DELETE,f
public,user_missions,postgres,service_role,INSERT,f
public,user_missions,postgres,service_role,MAINTAIN,f
public,user_missions,postgres,service_role,REFERENCES,f
public,user_missions,postgres,service_role,SELECT,f
public,user_missions,postgres,service_role,TRIGGER,f
public,user_missions,postgres,service_role,TRUNCATE,f
public,user_missions,postgres,service_role,UPDATE,f
public,user_missions,postgres,synaura_app,DELETE,f
public,user_missions,postgres,synaura_app,INSERT,f
public,user_missions,postgres,synaura_app,SELECT,f
public,user_missions,postgres,synaura_app,UPDATE,f
public,user_quotas,postgres,anon,DELETE,f
public,user_quotas,postgres,anon,INSERT,f
public,user_quotas,postgres,anon,MAINTAIN,f
public,user_quotas,postgres,anon,REFERENCES,f
public,user_quotas,postgres,anon,SELECT,f
public,user_quotas,postgres,anon,TRIGGER,f
public,user_quotas,postgres,anon,TRUNCATE,f
public,user_quotas,postgres,anon,UPDATE,f
public,user_quotas,postgres,authenticated,DELETE,f
public,user_quotas,postgres,authenticated,INSERT,f
public,user_quotas,postgres,authenticated,MAINTAIN,f
public,user_quotas,postgres,authenticated,REFERENCES,f
public,user_quotas,postgres,authenticated,SELECT,f
public,user_quotas,postgres,authenticated,TRIGGER,f
public,user_quotas,postgres,authenticated,TRUNCATE,f
public,user_quotas,postgres,authenticated,UPDATE,f
public,user_quotas,postgres,postgres,DELETE,f
public,user_quotas,postgres,postgres,INSERT,f
public,user_quotas,postgres,postgres,MAINTAIN,f
public,user_quotas,postgres,postgres,REFERENCES,f
public,user_quotas,postgres,postgres,SELECT,f
public,user_quotas,postgres,postgres,TRIGGER,f
public,user_quotas,postgres,postgres,TRUNCATE,f
public,user_quotas,postgres,postgres,UPDATE,f
public,user_quotas,postgres,service_role,DELETE,f
public,user_quotas,postgres,service_role,INSERT,f
public,user_quotas,postgres,service_role,MAINTAIN,f
public,user_quotas,postgres,service_role,REFERENCES,f
public,user_quotas,postgres,service_role,SELECT,f
public,user_quotas,postgres,service_role,TRIGGER,f
public,user_quotas,postgres,service_role,TRUNCATE,f
public,user_quotas,postgres,service_role,UPDATE,f
public,user_quotas,postgres,synaura_app,DELETE,f
public,user_quotas,postgres,synaura_app,INSERT,f
public,user_quotas,postgres,synaura_app,SELECT,f
public,user_quotas,postgres,synaura_app,UPDATE,f
public,users,postgres,anon,DELETE,f
public,users,postgres,anon,INSERT,f
public,users,postgres,anon,MAINTAIN,f
public,users,postgres,anon,REFERENCES,f
public,users,postgres,anon,SELECT,f
public,users,postgres,anon,TRIGGER,f
public,users,postgres,anon,TRUNCATE,f
public,users,postgres,anon,UPDATE,f
public,users,postgres,authenticated,DELETE,f
public,users,postgres,authenticated,INSERT,f
public,users,postgres,authenticated,MAINTAIN,f
public,users,postgres,authenticated,REFERENCES,f
public,users,postgres,authenticated,SELECT,f
public,users,postgres,authenticated,TRIGGER,f
public,users,postgres,authenticated,TRUNCATE,f
public,users,postgres,authenticated,UPDATE,f
public,users,postgres,postgres,DELETE,f
public,users,postgres,postgres,INSERT,f
public,users,postgres,postgres,MAINTAIN,f
public,users,postgres,postgres,REFERENCES,f
public,users,postgres,postgres,SELECT,f
public,users,postgres,postgres,TRIGGER,f
public,users,postgres,postgres,TRUNCATE,f
public,users,postgres,postgres,UPDATE,f
public,users,postgres,service_role,DELETE,f
public,users,postgres,service_role,INSERT,f
public,users,postgres,service_role,MAINTAIN,f
public,users,postgres,service_role,REFERENCES,f
public,users,postgres,service_role,SELECT,f
public,users,postgres,service_role,TRIGGER,f
public,users,postgres,service_role,TRUNCATE,f
public,users,postgres,service_role,UPDATE,f
public,users,postgres,synaura_app,DELETE,f
public,users,postgres,synaura_app,INSERT,f
public,users,postgres,synaura_app,SELECT,f
public,users,postgres,synaura_app,UPDATE,f
public,waiting_list,postgres,anon,DELETE,f
public,waiting_list,postgres,anon,INSERT,f
public,waiting_list,postgres,anon,MAINTAIN,f
public,waiting_list,postgres,anon,REFERENCES,f
public,waiting_list,postgres,anon,SELECT,f
public,waiting_list,postgres,anon,TRIGGER,f
public,waiting_list,postgres,anon,TRUNCATE,f
public,waiting_list,postgres,anon,UPDATE,f
public,waiting_list,postgres,authenticated,DELETE,f
public,waiting_list,postgres,authenticated,INSERT,f
public,waiting_list,postgres,authenticated,MAINTAIN,f
public,waiting_list,postgres,authenticated,REFERENCES,f
public,waiting_list,postgres,authenticated,SELECT,f
public,waiting_list,postgres,authenticated,TRIGGER,f
public,waiting_list,postgres,authenticated,TRUNCATE,f
public,waiting_list,postgres,authenticated,UPDATE,f
public,waiting_list,postgres,postgres,DELETE,f
public,waiting_list,postgres,postgres,INSERT,f
public,waiting_list,postgres,postgres,MAINTAIN,f
public,waiting_list,postgres,postgres,REFERENCES,f
public,waiting_list,postgres,postgres,SELECT,f
public,waiting_list,postgres,postgres,TRIGGER,f
public,waiting_list,postgres,postgres,TRUNCATE,f
public,waiting_list,postgres,postgres,UPDATE,f
public,waiting_list,postgres,service_role,DELETE,f
public,waiting_list,postgres,service_role,INSERT,f
public,waiting_list,postgres,service_role,MAINTAIN,f
public,waiting_list,postgres,service_role,REFERENCES,f
public,waiting_list,postgres,service_role,SELECT,f
public,waiting_list,postgres,service_role,TRIGGER,f
public,waiting_list,postgres,service_role,TRUNCATE,f
public,waiting_list,postgres,service_role,UPDATE,f
public,waiting_list,postgres,synaura_app,DELETE,f
public,waiting_list,postgres,synaura_app,INSERT,f
public,waiting_list,postgres,synaura_app,SELECT,f
public,waiting_list,postgres,synaura_app,UPDATE,f
realtime,messages,supabase_realtime_admin,anon,INSERT,f
realtime,messages,supabase_realtime_admin,anon,SELECT,f
realtime,messages,supabase_realtime_admin,anon,UPDATE,f
realtime,messages,supabase_realtime_admin,authenticated,INSERT,f
realtime,messages,supabase_realtime_admin,authenticated,SELECT,f
realtime,messages,supabase_realtime_admin,authenticated,UPDATE,f
realtime,messages,supabase_realtime_admin,dashboard_user,DELETE,f
realtime,messages,supabase_realtime_admin,dashboard_user,INSERT,f
realtime,messages,supabase_realtime_admin,dashboard_user,MAINTAIN,f
realtime,messages,supabase_realtime_admin,dashboard_user,REFERENCES,f
realtime,messages,supabase_realtime_admin,dashboard_user,SELECT,f
realtime,messages,supabase_realtime_admin,dashboard_user,TRIGGER,f
realtime,messages,supabase_realtime_admin,dashboard_user,TRUNCATE,f
realtime,messages,supabase_realtime_admin,dashboard_user,UPDATE,f
realtime,messages,supabase_realtime_admin,postgres,DELETE,f
realtime,messages,supabase_realtime_admin,postgres,INSERT,f
realtime,messages,supabase_realtime_admin,postgres,MAINTAIN,f
realtime,messages,supabase_realtime_admin,postgres,REFERENCES,f
realtime,messages,supabase_realtime_admin,postgres,SELECT,f
realtime,messages,supabase_realtime_admin,postgres,TRIGGER,f
realtime,messages,supabase_realtime_admin,postgres,TRUNCATE,f
realtime,messages,supabase_realtime_admin,postgres,UPDATE,f
realtime,messages,supabase_realtime_admin,service_role,INSERT,f
realtime,messages,supabase_realtime_admin,service_role,SELECT,f
realtime,messages,supabase_realtime_admin,service_role,UPDATE,f
realtime,messages,supabase_realtime_admin,supabase_realtime_admin,DELETE,f
realtime,messages,supabase_realtime_admin,supabase_realtime_admin,INSERT,f
realtime,messages,supabase_realtime_admin,supabase_realtime_admin,MAINTAIN,f
realtime,messages,supabase_realtime_admin,supabase_realtime_admin,REFERENCES,f
realtime,messages,supabase_realtime_admin,supabase_realtime_admin,SELECT,f
realtime,messages,supabase_realtime_admin,supabase_realtime_admin,TRIGGER,f
realtime,messages,supabase_realtime_admin,supabase_realtime_admin,TRUNCATE,f
realtime,messages,supabase_realtime_admin,supabase_realtime_admin,UPDATE,f
realtime,messages_2026_07_31,supabase_realtime_admin,dashboard_user,DELETE,f
realtime,messages_2026_07_31,supabase_realtime_admin,dashboard_user,INSERT,f
realtime,messages_2026_07_31,supabase_realtime_admin,dashboard_user,MAINTAIN,f
realtime,messages_2026_07_31,supabase_realtime_admin,dashboard_user,REFERENCES,f
realtime,messages_2026_07_31,supabase_realtime_admin,dashboard_user,SELECT,f
realtime,messages_2026_07_31,supabase_realtime_admin,dashboard_user,TRIGGER,f
realtime,messages_2026_07_31,supabase_realtime_admin,dashboard_user,TRUNCATE,f
realtime,messages_2026_07_31,supabase_realtime_admin,dashboard_user,UPDATE,f
realtime,messages_2026_07_31,supabase_realtime_admin,postgres,DELETE,f
realtime,messages_2026_07_31,supabase_realtime_admin,postgres,INSERT,f
realtime,messages_2026_07_31,supabase_realtime_admin,postgres,MAINTAIN,f
realtime,messages_2026_07_31,supabase_realtime_admin,postgres,REFERENCES,f
realtime,messages_2026_07_31,supabase_realtime_admin,postgres,SELECT,f
realtime,messages_2026_07_31,supabase_realtime_admin,postgres,TRIGGER,f
realtime,messages_2026_07_31,supabase_realtime_admin,postgres,TRUNCATE,f
realtime,messages_2026_07_31,supabase_realtime_admin,postgres,UPDATE,f
realtime,messages_2026_07_31,supabase_realtime_admin,supabase_realtime_admin,DELETE,f
realtime,messages_2026_07_31,supabase_realtime_admin,supabase_realtime_admin,INSERT,f
realtime,messages_2026_07_31,supabase_realtime_admin,supabase_realtime_admin,MAINTAIN,f
realtime,messages_2026_07_31,supabase_realtime_admin,supabase_realtime_admin,REFERENCES,f
realtime,messages_2026_07_31,supabase_realtime_admin,supabase_realtime_admin,SELECT,f
realtime,messages_2026_07_31,supabase_realtime_admin,supabase_realtime_admin,TRIGGER,f
realtime,messages_2026_07_31,supabase_realtime_admin,supabase_realtime_admin,TRUNCATE,f
realtime,messages_2026_07_31,supabase_realtime_admin,supabase_realtime_admin,UPDATE,f
realtime,messages_2026_08_01,supabase_realtime_admin,dashboard_user,DELETE,f
realtime,messages_2026_08_01,supabase_realtime_admin,dashboard_user,INSERT,f
realtime,messages_2026_08_01,supabase_realtime_admin,dashboard_user,MAINTAIN,f
realtime,messages_2026_08_01,supabase_realtime_admin,dashboard_user,REFERENCES,f
realtime,messages_2026_08_01,supabase_realtime_admin,dashboard_user,SELECT,f
realtime,messages_2026_08_01,supabase_realtime_admin,dashboard_user,TRIGGER,f
realtime,messages_2026_08_01,supabase_realtime_admin,dashboard_user,TRUNCATE,f
realtime,messages_2026_08_01,supabase_realtime_admin,dashboard_user,UPDATE,f
realtime,messages_2026_08_01,supabase_realtime_admin,postgres,DELETE,f
realtime,messages_2026_08_01,supabase_realtime_admin,postgres,INSERT,f
realtime,messages_2026_08_01,supabase_realtime_admin,postgres,MAINTAIN,f
realtime,messages_2026_08_01,supabase_realtime_admin,postgres,REFERENCES,f
realtime,messages_2026_08_01,supabase_realtime_admin,postgres,SELECT,f
realtime,messages_2026_08_01,supabase_realtime_admin,postgres,TRIGGER,f
realtime,messages_2026_08_01,supabase_realtime_admin,postgres,TRUNCATE,f
realtime,messages_2026_08_01,supabase_realtime_admin,postgres,UPDATE,f
realtime,messages_2026_08_01,supabase_realtime_admin,supabase_realtime_admin,DELETE,f
realtime,messages_2026_08_01,supabase_realtime_admin,supabase_realtime_admin,INSERT,f
realtime,messages_2026_08_01,supabase_realtime_admin,supabase_realtime_admin,MAINTAIN,f
realtime,messages_2026_08_01,supabase_realtime_admin,supabase_realtime_admin,REFERENCES,f
realtime,messages_2026_08_01,supabase_realtime_admin,supabase_realtime_admin,SELECT,f
realtime,messages_2026_08_01,supabase_realtime_admin,supabase_realtime_admin,TRIGGER,f
realtime,messages_2026_08_01,supabase_realtime_admin,supabase_realtime_admin,TRUNCATE,f
realtime,messages_2026_08_01,supabase_realtime_admin,supabase_realtime_admin,UPDATE,f
realtime,messages_2026_08_02,supabase_realtime_admin,dashboard_user,DELETE,f
realtime,messages_2026_08_02,supabase_realtime_admin,dashboard_user,INSERT,f
realtime,messages_2026_08_02,supabase_realtime_admin,dashboard_user,MAINTAIN,f
realtime,messages_2026_08_02,supabase_realtime_admin,dashboard_user,REFERENCES,f
realtime,messages_2026_08_02,supabase_realtime_admin,dashboard_user,SELECT,f
realtime,messages_2026_08_02,supabase_realtime_admin,dashboard_user,TRIGGER,f
realtime,messages_2026_08_02,supabase_realtime_admin,dashboard_user,TRUNCATE,f
realtime,messages_2026_08_02,supabase_realtime_admin,dashboard_user,UPDATE,f
realtime,messages_2026_08_02,supabase_realtime_admin,postgres,DELETE,f
realtime,messages_2026_08_02,supabase_realtime_admin,postgres,INSERT,f
realtime,messages_2026_08_02,supabase_realtime_admin,postgres,MAINTAIN,f
realtime,messages_2026_08_02,supabase_realtime_admin,postgres,REFERENCES,f
realtime,messages_2026_08_02,supabase_realtime_admin,postgres,SELECT,f
realtime,messages_2026_08_02,supabase_realtime_admin,postgres,TRIGGER,f
realtime,messages_2026_08_02,supabase_realtime_admin,postgres,TRUNCATE,f
realtime,messages_2026_08_02,supabase_realtime_admin,postgres,UPDATE,f
realtime,messages_2026_08_02,supabase_realtime_admin,supabase_realtime_admin,DELETE,f
realtime,messages_2026_08_02,supabase_realtime_admin,supabase_realtime_admin,INSERT,f
realtime,messages_2026_08_02,supabase_realtime_admin,supabase_realtime_admin,MAINTAIN,f
realtime,messages_2026_08_02,supabase_realtime_admin,supabase_realtime_admin,REFERENCES,f
realtime,messages_2026_08_02,supabase_realtime_admin,supabase_realtime_admin,SELECT,f
realtime,messages_2026_08_02,supabase_realtime_admin,supabase_realtime_admin,TRIGGER,f
realtime,messages_2026_08_02,supabase_realtime_admin,supabase_realtime_admin,TRUNCATE,f
realtime,messages_2026_08_02,supabase_realtime_admin,supabase_realtime_admin,UPDATE,f
realtime,messages_2026_08_03,supabase_realtime_admin,dashboard_user,DELETE,f
realtime,messages_2026_08_03,supabase_realtime_admin,dashboard_user,INSERT,f
realtime,messages_2026_08_03,supabase_realtime_admin,dashboard_user,MAINTAIN,f
realtime,messages_2026_08_03,supabase_realtime_admin,dashboard_user,REFERENCES,f
realtime,messages_2026_08_03,supabase_realtime_admin,dashboard_user,SELECT,f
realtime,messages_2026_08_03,supabase_realtime_admin,dashboard_user,TRIGGER,f
realtime,messages_2026_08_03,supabase_realtime_admin,dashboard_user,TRUNCATE,f
realtime,messages_2026_08_03,supabase_realtime_admin,dashboard_user,UPDATE,f
realtime,messages_2026_08_03,supabase_realtime_admin,postgres,DELETE,f
realtime,messages_2026_08_03,supabase_realtime_admin,postgres,INSERT,f
realtime,messages_2026_08_03,supabase_realtime_admin,postgres,MAINTAIN,f
realtime,messages_2026_08_03,supabase_realtime_admin,postgres,REFERENCES,f
realtime,messages_2026_08_03,supabase_realtime_admin,postgres,SELECT,f
realtime,messages_2026_08_03,supabase_realtime_admin,postgres,TRIGGER,f
realtime,messages_2026_08_03,supabase_realtime_admin,postgres,TRUNCATE,f
realtime,messages_2026_08_03,supabase_realtime_admin,postgres,UPDATE,f
realtime,messages_2026_08_03,supabase_realtime_admin,supabase_realtime_admin,DELETE,f
realtime,messages_2026_08_03,supabase_realtime_admin,supabase_realtime_admin,INSERT,f
realtime,messages_2026_08_03,supabase_realtime_admin,supabase_realtime_admin,MAINTAIN,f
realtime,messages_2026_08_03,supabase_realtime_admin,supabase_realtime_admin,REFERENCES,f
realtime,messages_2026_08_03,supabase_realtime_admin,supabase_realtime_admin,SELECT,f
realtime,messages_2026_08_03,supabase_realtime_admin,supabase_realtime_admin,TRIGGER,f
realtime,messages_2026_08_03,supabase_realtime_admin,supabase_realtime_admin,TRUNCATE,f
realtime,messages_2026_08_03,supabase_realtime_admin,supabase_realtime_admin,UPDATE,f
realtime,messages_2026_08_04,supabase_realtime_admin,dashboard_user,DELETE,f
realtime,messages_2026_08_04,supabase_realtime_admin,dashboard_user,INSERT,f
realtime,messages_2026_08_04,supabase_realtime_admin,dashboard_user,MAINTAIN,f
realtime,messages_2026_08_04,supabase_realtime_admin,dashboard_user,REFERENCES,f
realtime,messages_2026_08_04,supabase_realtime_admin,dashboard_user,SELECT,f
realtime,messages_2026_08_04,supabase_realtime_admin,dashboard_user,TRIGGER,f
realtime,messages_2026_08_04,supabase_realtime_admin,dashboard_user,TRUNCATE,f
realtime,messages_2026_08_04,supabase_realtime_admin,dashboard_user,UPDATE,f
realtime,messages_2026_08_04,supabase_realtime_admin,postgres,DELETE,f
realtime,messages_2026_08_04,supabase_realtime_admin,postgres,INSERT,f
realtime,messages_2026_08_04,supabase_realtime_admin,postgres,MAINTAIN,f
realtime,messages_2026_08_04,supabase_realtime_admin,postgres,REFERENCES,f
realtime,messages_2026_08_04,supabase_realtime_admin,postgres,SELECT,f
realtime,messages_2026_08_04,supabase_realtime_admin,postgres,TRIGGER,f
realtime,messages_2026_08_04,supabase_realtime_admin,postgres,TRUNCATE,f
realtime,messages_2026_08_04,supabase_realtime_admin,postgres,UPDATE,f
realtime,messages_2026_08_04,supabase_realtime_admin,supabase_realtime_admin,DELETE,f
realtime,messages_2026_08_04,supabase_realtime_admin,supabase_realtime_admin,INSERT,f
realtime,messages_2026_08_04,supabase_realtime_admin,supabase_realtime_admin,MAINTAIN,f
realtime,messages_2026_08_04,supabase_realtime_admin,supabase_realtime_admin,REFERENCES,f
realtime,messages_2026_08_04,supabase_realtime_admin,supabase_realtime_admin,SELECT,f
realtime,messages_2026_08_04,supabase_realtime_admin,supabase_realtime_admin,TRIGGER,f
realtime,messages_2026_08_04,supabase_realtime_admin,supabase_realtime_admin,TRUNCATE,f
realtime,messages_2026_08_04,supabase_realtime_admin,supabase_realtime_admin,UPDATE,f
realtime,messages_2026_08_05,supabase_realtime_admin,dashboard_user,DELETE,f
realtime,messages_2026_08_05,supabase_realtime_admin,dashboard_user,INSERT,f
realtime,messages_2026_08_05,supabase_realtime_admin,dashboard_user,MAINTAIN,f
realtime,messages_2026_08_05,supabase_realtime_admin,dashboard_user,REFERENCES,f
realtime,messages_2026_08_05,supabase_realtime_admin,dashboard_user,SELECT,f
realtime,messages_2026_08_05,supabase_realtime_admin,dashboard_user,TRIGGER,f
realtime,messages_2026_08_05,supabase_realtime_admin,dashboard_user,TRUNCATE,f
realtime,messages_2026_08_05,supabase_realtime_admin,dashboard_user,UPDATE,f
realtime,messages_2026_08_05,supabase_realtime_admin,postgres,DELETE,f
realtime,messages_2026_08_05,supabase_realtime_admin,postgres,INSERT,f
realtime,messages_2026_08_05,supabase_realtime_admin,postgres,MAINTAIN,f
realtime,messages_2026_08_05,supabase_realtime_admin,postgres,REFERENCES,f
realtime,messages_2026_08_05,supabase_realtime_admin,postgres,SELECT,f
realtime,messages_2026_08_05,supabase_realtime_admin,postgres,TRIGGER,f
realtime,messages_2026_08_05,supabase_realtime_admin,postgres,TRUNCATE,f
realtime,messages_2026_08_05,supabase_realtime_admin,postgres,UPDATE,f
realtime,messages_2026_08_05,supabase_realtime_admin,supabase_realtime_admin,DELETE,f
realtime,messages_2026_08_05,supabase_realtime_admin,supabase_realtime_admin,INSERT,f
realtime,messages_2026_08_05,supabase_realtime_admin,supabase_realtime_admin,MAINTAIN,f
realtime,messages_2026_08_05,supabase_realtime_admin,supabase_realtime_admin,REFERENCES,f
realtime,messages_2026_08_05,supabase_realtime_admin,supabase_realtime_admin,SELECT,f
realtime,messages_2026_08_05,supabase_realtime_admin,supabase_realtime_admin,TRIGGER,f
realtime,messages_2026_08_05,supabase_realtime_admin,supabase_realtime_admin,TRUNCATE,f
realtime,messages_2026_08_05,supabase_realtime_admin,supabase_realtime_admin,UPDATE,f
realtime,messages_2026_08_06,supabase_realtime_admin,dashboard_user,DELETE,f
realtime,messages_2026_08_06,supabase_realtime_admin,dashboard_user,INSERT,f
realtime,messages_2026_08_06,supabase_realtime_admin,dashboard_user,MAINTAIN,f
realtime,messages_2026_08_06,supabase_realtime_admin,dashboard_user,REFERENCES,f
realtime,messages_2026_08_06,supabase_realtime_admin,dashboard_user,SELECT,f
realtime,messages_2026_08_06,supabase_realtime_admin,dashboard_user,TRIGGER,f
realtime,messages_2026_08_06,supabase_realtime_admin,dashboard_user,TRUNCATE,f
realtime,messages_2026_08_06,supabase_realtime_admin,dashboard_user,UPDATE,f
realtime,messages_2026_08_06,supabase_realtime_admin,postgres,DELETE,f
realtime,messages_2026_08_06,supabase_realtime_admin,postgres,INSERT,f
realtime,messages_2026_08_06,supabase_realtime_admin,postgres,MAINTAIN,f
realtime,messages_2026_08_06,supabase_realtime_admin,postgres,REFERENCES,f
realtime,messages_2026_08_06,supabase_realtime_admin,postgres,SELECT,f
realtime,messages_2026_08_06,supabase_realtime_admin,postgres,TRIGGER,f
realtime,messages_2026_08_06,supabase_realtime_admin,postgres,TRUNCATE,f
realtime,messages_2026_08_06,supabase_realtime_admin,postgres,UPDATE,f
realtime,messages_2026_08_06,supabase_realtime_admin,supabase_realtime_admin,DELETE,f
realtime,messages_2026_08_06,supabase_realtime_admin,supabase_realtime_admin,INSERT,f
realtime,messages_2026_08_06,supabase_realtime_admin,supabase_realtime_admin,MAINTAIN,f
realtime,messages_2026_08_06,supabase_realtime_admin,supabase_realtime_admin,REFERENCES,f
realtime,messages_2026_08_06,supabase_realtime_admin,supabase_realtime_admin,SELECT,f
realtime,messages_2026_08_06,supabase_realtime_admin,supabase_realtime_admin,TRIGGER,f
realtime,messages_2026_08_06,supabase_realtime_admin,supabase_realtime_admin,TRUNCATE,f
realtime,messages_2026_08_06,supabase_realtime_admin,supabase_realtime_admin,UPDATE,f
realtime,schema_migrations,supabase_admin,supabase_admin,DELETE,f
realtime,schema_migrations,supabase_admin,supabase_admin,INSERT,f
realtime,schema_migrations,supabase_admin,supabase_admin,MAINTAIN,f
realtime,schema_migrations,supabase_admin,supabase_admin,REFERENCES,f
realtime,schema_migrations,supabase_admin,supabase_admin,SELECT,f
realtime,schema_migrations,supabase_admin,supabase_admin,TRIGGER,f
realtime,schema_migrations,supabase_admin,supabase_admin,TRUNCATE,f
realtime,schema_migrations,supabase_admin,supabase_admin,UPDATE,f
realtime,subscription,supabase_realtime_admin,anon,SELECT,f
realtime,subscription,supabase_realtime_admin,authenticated,SELECT,f
realtime,subscription,supabase_realtime_admin,dashboard_user,DELETE,f
realtime,subscription,supabase_realtime_admin,dashboard_user,INSERT,f
realtime,subscription,supabase_realtime_admin,dashboard_user,MAINTAIN,f
realtime,subscription,supabase_realtime_admin,dashboard_user,REFERENCES,f
realtime,subscription,supabase_realtime_admin,dashboard_user,SELECT,f
realtime,subscription,supabase_realtime_admin,dashboard_user,TRIGGER,f
realtime,subscription,supabase_realtime_admin,dashboard_user,TRUNCATE,f
realtime,subscription,supabase_realtime_admin,dashboard_user,UPDATE,f
realtime,subscription,supabase_realtime_admin,postgres,DELETE,f
realtime,subscription,supabase_realtime_admin,postgres,INSERT,f
realtime,subscription,supabase_realtime_admin,postgres,MAINTAIN,f
realtime,subscription,supabase_realtime_admin,postgres,REFERENCES,f
realtime,subscription,supabase_realtime_admin,postgres,SELECT,f
realtime,subscription,supabase_realtime_admin,postgres,TRIGGER,f
realtime,subscription,supabase_realtime_admin,postgres,TRUNCATE,f
realtime,subscription,supabase_realtime_admin,postgres,UPDATE,f
realtime,subscription,supabase_realtime_admin,service_role,SELECT,f
realtime,subscription,supabase_realtime_admin,supabase_realtime_admin,DELETE,f
realtime,subscription,supabase_realtime_admin,supabase_realtime_admin,INSERT,f
realtime,subscription,supabase_realtime_admin,supabase_realtime_admin,MAINTAIN,f
realtime,subscription,supabase_realtime_admin,supabase_realtime_admin,REFERENCES,f
realtime,subscription,supabase_realtime_admin,supabase_realtime_admin,SELECT,f
realtime,subscription,supabase_realtime_admin,supabase_realtime_admin,TRIGGER,f
realtime,subscription,supabase_realtime_admin,supabase_realtime_admin,TRUNCATE,f
realtime,subscription,supabase_realtime_admin,supabase_realtime_admin,UPDATE,f
realtime,subscription_id_seq,supabase_realtime_admin,anon,USAGE,f
realtime,subscription_id_seq,supabase_realtime_admin,authenticated,USAGE,f
realtime,subscription_id_seq,supabase_realtime_admin,dashboard_user,SELECT,f
realtime,subscription_id_seq,supabase_realtime_admin,dashboard_user,UPDATE,f
realtime,subscription_id_seq,supabase_realtime_admin,dashboard_user,USAGE,f
realtime,subscription_id_seq,supabase_realtime_admin,postgres,SELECT,f
realtime,subscription_id_seq,supabase_realtime_admin,postgres,UPDATE,f
realtime,subscription_id_seq,supabase_realtime_admin,postgres,USAGE,f
realtime,subscription_id_seq,supabase_realtime_admin,service_role,USAGE,f
realtime,subscription_id_seq,supabase_realtime_admin,supabase_realtime_admin,SELECT,f
realtime,subscription_id_seq,supabase_realtime_admin,supabase_realtime_admin,UPDATE,f
realtime,subscription_id_seq,supabase_realtime_admin,supabase_realtime_admin,USAGE,f
storage,buckets,supabase_storage_admin,anon,DELETE,f
storage,buckets,supabase_storage_admin,anon,INSERT,f
storage,buckets,supabase_storage_admin,anon,MAINTAIN,f
storage,buckets,supabase_storage_admin,anon,REFERENCES,f
storage,buckets,supabase_storage_admin,anon,SELECT,f
storage,buckets,supabase_storage_admin,anon,TRIGGER,f
storage,buckets,supabase_storage_admin,anon,TRUNCATE,f
storage,buckets,supabase_storage_admin,anon,UPDATE,f
storage,buckets,supabase_storage_admin,authenticated,DELETE,f
storage,buckets,supabase_storage_admin,authenticated,INSERT,f
storage,buckets,supabase_storage_admin,authenticated,MAINTAIN,f
storage,buckets,supabase_storage_admin,authenticated,REFERENCES,f
storage,buckets,supabase_storage_admin,authenticated,SELECT,f
storage,buckets,supabase_storage_admin,authenticated,TRIGGER,f
storage,buckets,supabase_storage_admin,authenticated,TRUNCATE,f
storage,buckets,supabase_storage_admin,authenticated,UPDATE,f
storage,buckets,supabase_storage_admin,postgres,DELETE,t
storage,buckets,supabase_storage_admin,postgres,INSERT,t
storage,buckets,supabase_storage_admin,postgres,MAINTAIN,t
storage,buckets,supabase_storage_admin,postgres,REFERENCES,t
storage,buckets,supabase_storage_admin,postgres,SELECT,t
storage,buckets,supabase_storage_admin,postgres,TRIGGER,t
storage,buckets,supabase_storage_admin,postgres,TRUNCATE,t
storage,buckets,supabase_storage_admin,postgres,UPDATE,t
storage,buckets,supabase_storage_admin,service_role,DELETE,f
storage,buckets,supabase_storage_admin,service_role,INSERT,f
storage,buckets,supabase_storage_admin,service_role,MAINTAIN,f
storage,buckets,supabase_storage_admin,service_role,REFERENCES,f
storage,buckets,supabase_storage_admin,service_role,SELECT,f
storage,buckets,supabase_storage_admin,service_role,TRIGGER,f
storage,buckets,supabase_storage_admin,service_role,TRUNCATE,f
storage,buckets,supabase_storage_admin,service_role,UPDATE,f
storage,buckets,supabase_storage_admin,supabase_storage_admin,DELETE,t
storage,buckets,supabase_storage_admin,supabase_storage_admin,INSERT,t
storage,buckets,supabase_storage_admin,supabase_storage_admin,MAINTAIN,t
storage,buckets,supabase_storage_admin,supabase_storage_admin,REFERENCES,t
storage,buckets,supabase_storage_admin,supabase_storage_admin,SELECT,t
storage,buckets,supabase_storage_admin,supabase_storage_admin,TRIGGER,t
storage,buckets,supabase_storage_admin,supabase_storage_admin,TRUNCATE,t
storage,buckets,supabase_storage_admin,supabase_storage_admin,UPDATE,t
storage,buckets_analytics,supabase_storage_admin,anon,DELETE,f
storage,buckets_analytics,supabase_storage_admin,anon,INSERT,f
storage,buckets_analytics,supabase_storage_admin,anon,MAINTAIN,f
storage,buckets_analytics,supabase_storage_admin,anon,REFERENCES,f
storage,buckets_analytics,supabase_storage_admin,anon,SELECT,f
storage,buckets_analytics,supabase_storage_admin,anon,TRIGGER,f
storage,buckets_analytics,supabase_storage_admin,anon,TRUNCATE,f
storage,buckets_analytics,supabase_storage_admin,anon,UPDATE,f
storage,buckets_analytics,supabase_storage_admin,authenticated,DELETE,f
storage,buckets_analytics,supabase_storage_admin,authenticated,INSERT,f
storage,buckets_analytics,supabase_storage_admin,authenticated,MAINTAIN,f
storage,buckets_analytics,supabase_storage_admin,authenticated,REFERENCES,f
storage,buckets_analytics,supabase_storage_admin,authenticated,SELECT,f
storage,buckets_analytics,supabase_storage_admin,authenticated,TRIGGER,f
storage,buckets_analytics,supabase_storage_admin,authenticated,TRUNCATE,f
storage,buckets_analytics,supabase_storage_admin,authenticated,UPDATE,f
storage,buckets_analytics,supabase_storage_admin,service_role,DELETE,f
storage,buckets_analytics,supabase_storage_admin,service_role,INSERT,f
storage,buckets_analytics,supabase_storage_admin,service_role,MAINTAIN,f
storage,buckets_analytics,supabase_storage_admin,service_role,REFERENCES,f
storage,buckets_analytics,supabase_storage_admin,service_role,SELECT,f
storage,buckets_analytics,supabase_storage_admin,service_role,TRIGGER,f
storage,buckets_analytics,supabase_storage_admin,service_role,TRUNCATE,f
storage,buckets_analytics,supabase_storage_admin,service_role,UPDATE,f
storage,buckets_analytics,supabase_storage_admin,supabase_storage_admin,DELETE,f
storage,buckets_analytics,supabase_storage_admin,supabase_storage_admin,INSERT,f
storage,buckets_analytics,supabase_storage_admin,supabase_storage_admin,MAINTAIN,f
storage,buckets_analytics,supabase_storage_admin,supabase_storage_admin,REFERENCES,f
storage,buckets_analytics,supabase_storage_admin,supabase_storage_admin,SELECT,f
storage,buckets_analytics,supabase_storage_admin,supabase_storage_admin,TRIGGER,f
storage,buckets_analytics,supabase_storage_admin,supabase_storage_admin,TRUNCATE,f
storage,buckets_analytics,supabase_storage_admin,supabase_storage_admin,UPDATE,f
storage,buckets_vectors,supabase_storage_admin,anon,SELECT,f
storage,buckets_vectors,supabase_storage_admin,authenticated,SELECT,f
storage,buckets_vectors,supabase_storage_admin,service_role,SELECT,f
storage,buckets_vectors,supabase_storage_admin,supabase_storage_admin,DELETE,f
storage,buckets_vectors,supabase_storage_admin,supabase_storage_admin,INSERT,f
storage,buckets_vectors,supabase_storage_admin,supabase_storage_admin,MAINTAIN,f
storage,buckets_vectors,supabase_storage_admin,supabase_storage_admin,REFERENCES,f
storage,buckets_vectors,supabase_storage_admin,supabase_storage_admin,SELECT,f
storage,buckets_vectors,supabase_storage_admin,supabase_storage_admin,TRIGGER,f
storage,buckets_vectors,supabase_storage_admin,supabase_storage_admin,TRUNCATE,f
storage,buckets_vectors,supabase_storage_admin,supabase_storage_admin,UPDATE,f
storage,migrations,supabase_storage_admin,supabase_storage_admin,DELETE,f
storage,migrations,supabase_storage_admin,supabase_storage_admin,INSERT,f
storage,migrations,supabase_storage_admin,supabase_storage_admin,MAINTAIN,f
storage,migrations,supabase_storage_admin,supabase_storage_admin,REFERENCES,f
storage,migrations,supabase_storage_admin,supabase_storage_admin,SELECT,f
storage,migrations,supabase_storage_admin,supabase_storage_admin,TRIGGER,f
storage,migrations,supabase_storage_admin,supabase_storage_admin,TRUNCATE,f
storage,migrations,supabase_storage_admin,supabase_storage_admin,UPDATE,f
storage,objects,supabase_storage_admin,anon,DELETE,f
storage,objects,supabase_storage_admin,anon,INSERT,f
storage,objects,supabase_storage_admin,anon,MAINTAIN,f
storage,objects,supabase_storage_admin,anon,REFERENCES,f
storage,objects,supabase_storage_admin,anon,SELECT,f
storage,objects,supabase_storage_admin,anon,TRIGGER,f
storage,objects,supabase_storage_admin,anon,TRUNCATE,f
storage,objects,supabase_storage_admin,anon,UPDATE,f
storage,objects,supabase_storage_admin,authenticated,DELETE,f
storage,objects,supabase_storage_admin,authenticated,INSERT,f
storage,objects,supabase_storage_admin,authenticated,MAINTAIN,f
storage,objects,supabase_storage_admin,authenticated,REFERENCES,f
storage,objects,supabase_storage_admin,authenticated,SELECT,f
storage,objects,supabase_storage_admin,authenticated,TRIGGER,f
storage,objects,supabase_storage_admin,authenticated,TRUNCATE,f
storage,objects,supabase_storage_admin,authenticated,UPDATE,f
storage,objects,supabase_storage_admin,postgres,DELETE,t
storage,objects,supabase_storage_admin,postgres,INSERT,t
storage,objects,supabase_storage_admin,postgres,MAINTAIN,t
storage,objects,supabase_storage_admin,postgres,REFERENCES,t
storage,objects,supabase_storage_admin,postgres,SELECT,t
storage,objects,supabase_storage_admin,postgres,TRIGGER,t
storage,objects,supabase_storage_admin,postgres,TRUNCATE,t
storage,objects,supabase_storage_admin,postgres,UPDATE,t
storage,objects,supabase_storage_admin,service_role,DELETE,f
storage,objects,supabase_storage_admin,service_role,INSERT,f
storage,objects,supabase_storage_admin,service_role,MAINTAIN,f
storage,objects,supabase_storage_admin,service_role,REFERENCES,f
storage,objects,supabase_storage_admin,service_role,SELECT,f
storage,objects,supabase_storage_admin,service_role,TRIGGER,f
storage,objects,supabase_storage_admin,service_role,TRUNCATE,f
storage,objects,supabase_storage_admin,service_role,UPDATE,f
storage,objects,supabase_storage_admin,supabase_storage_admin,DELETE,t
storage,objects,supabase_storage_admin,supabase_storage_admin,INSERT,t
storage,objects,supabase_storage_admin,supabase_storage_admin,MAINTAIN,t
storage,objects,supabase_storage_admin,supabase_storage_admin,REFERENCES,t
storage,objects,supabase_storage_admin,supabase_storage_admin,SELECT,t
storage,objects,supabase_storage_admin,supabase_storage_admin,TRIGGER,t
storage,objects,supabase_storage_admin,supabase_storage_admin,TRUNCATE,t
storage,objects,supabase_storage_admin,supabase_storage_admin,UPDATE,t
storage,s3_multipart_uploads,supabase_storage_admin,anon,SELECT,f
storage,s3_multipart_uploads,supabase_storage_admin,authenticated,SELECT,f
storage,s3_multipart_uploads,supabase_storage_admin,service_role,DELETE,f
storage,s3_multipart_uploads,supabase_storage_admin,service_role,INSERT,f
storage,s3_multipart_uploads,supabase_storage_admin,service_role,MAINTAIN,f
storage,s3_multipart_uploads,supabase_storage_admin,service_role,REFERENCES,f
storage,s3_multipart_uploads,supabase_storage_admin,service_role,SELECT,f
storage,s3_multipart_uploads,supabase_storage_admin,service_role,TRIGGER,f
storage,s3_multipart_uploads,supabase_storage_admin,service_role,TRUNCATE,f
storage,s3_multipart_uploads,supabase_storage_admin,service_role,UPDATE,f
storage,s3_multipart_uploads,supabase_storage_admin,supabase_storage_admin,DELETE,f
storage,s3_multipart_uploads,supabase_storage_admin,supabase_storage_admin,INSERT,f
storage,s3_multipart_uploads,supabase_storage_admin,supabase_storage_admin,MAINTAIN,f
storage,s3_multipart_uploads,supabase_storage_admin,supabase_storage_admin,REFERENCES,f
storage,s3_multipart_uploads,supabase_storage_admin,supabase_storage_admin,SELECT,f
storage,s3_multipart_uploads,supabase_storage_admin,supabase_storage_admin,TRIGGER,f
storage,s3_multipart_uploads,supabase_storage_admin,supabase_storage_admin,TRUNCATE,f
storage,s3_multipart_uploads,supabase_storage_admin,supabase_storage_admin,UPDATE,f
storage,s3_multipart_uploads_parts,supabase_storage_admin,anon,SELECT,f
storage,s3_multipart_uploads_parts,supabase_storage_admin,authenticated,SELECT,f
storage,s3_multipart_uploads_parts,supabase_storage_admin,service_role,DELETE,f
storage,s3_multipart_uploads_parts,supabase_storage_admin,service_role,INSERT,f
storage,s3_multipart_uploads_parts,supabase_storage_admin,service_role,MAINTAIN,f
storage,s3_multipart_uploads_parts,supabase_storage_admin,service_role,REFERENCES,f
storage,s3_multipart_uploads_parts,supabase_storage_admin,service_role,SELECT,f
storage,s3_multipart_uploads_parts,supabase_storage_admin,service_role,TRIGGER,f
storage,s3_multipart_uploads_parts,supabase_storage_admin,service_role,TRUNCATE,f
storage,s3_multipart_uploads_parts,supabase_storage_admin,service_role,UPDATE,f
storage,s3_multipart_uploads_parts,supabase_storage_admin,supabase_storage_admin,DELETE,f
storage,s3_multipart_uploads_parts,supabase_storage_admin,supabase_storage_admin,INSERT,f
storage,s3_multipart_uploads_parts,supabase_storage_admin,supabase_storage_admin,MAINTAIN,f
storage,s3_multipart_uploads_parts,supabase_storage_admin,supabase_storage_admin,REFERENCES,f
storage,s3_multipart_uploads_parts,supabase_storage_admin,supabase_storage_admin,SELECT,f
storage,s3_multipart_uploads_parts,supabase_storage_admin,supabase_storage_admin,TRIGGER,f
storage,s3_multipart_uploads_parts,supabase_storage_admin,supabase_storage_admin,TRUNCATE,f
storage,s3_multipart_uploads_parts,supabase_storage_admin,supabase_storage_admin,UPDATE,f
storage,vector_indexes,supabase_storage_admin,anon,SELECT,f
storage,vector_indexes,supabase_storage_admin,authenticated,SELECT,f
storage,vector_indexes,supabase_storage_admin,service_role,SELECT,f
storage,vector_indexes,supabase_storage_admin,supabase_storage_admin,DELETE,f
storage,vector_indexes,supabase_storage_admin,supabase_storage_admin,INSERT,f
storage,vector_indexes,supabase_storage_admin,supabase_storage_admin,MAINTAIN,f
storage,vector_indexes,supabase_storage_admin,supabase_storage_admin,REFERENCES,f
storage,vector_indexes,supabase_storage_admin,supabase_storage_admin,SELECT,f
storage,vector_indexes,supabase_storage_admin,supabase_storage_admin,TRIGGER,f
storage,vector_indexes,supabase_storage_admin,supabase_storage_admin,TRUNCATE,f
storage,vector_indexes,supabase_storage_admin,supabase_storage_admin,UPDATE,f
supabase_migrations,schema_migrations,postgres,postgres,DELETE,f
supabase_migrations,schema_migrations,postgres,postgres,INSERT,f
supabase_migrations,schema_migrations,postgres,postgres,MAINTAIN,f
supabase_migrations,schema_migrations,postgres,postgres,REFERENCES,f
supabase_migrations,schema_migrations,postgres,postgres,SELECT,f
supabase_migrations,schema_migrations,postgres,postgres,TRIGGER,f
supabase_migrations,schema_migrations,postgres,postgres,TRUNCATE,f
supabase_migrations,schema_migrations,postgres,postgres,UPDATE,f
